cell,feature,time,int
cell24_01,30,1,-0.011784612467271
cell24_01,30,2,-0.000348622648803
cell24_01,30,3,0.001247164705968
cell24_01,30,4,1.37532218421571
cell24_01,30,5,1.11805909080964
cell24_01,30,6,1.01610374076478
cell24_01,30,7,0.948476781585722
cell24_01,30,8,0.914702686144802
cell24_01,30,9,0.860839757568685
cell24_01,30,10,0.793522036889819
cell24_01,30,11,0.774894793269686
cell24_01,30,12,0.734422475220806
cell24_01,30,13,0.702299596677145
cell24_01,30,14,0.654671032958697
cell24_01,30,15,0.622574410514109
cell24_01,30,16,0.589623006177476
cell24_01,30,17,0.578204520425057
cell24_01,30,18,0.532238842981234
cell24_01,30,19,0.534566883765708
cell24_01,30,20,0.526789243751413
cell24_01,30,21,0.514708520833485
cell24_01,30,22,0.495526981788478
cell24_01,30,23,0.454795020093209
cell24_01,30,24,0.434525311608842
cell24_01,30,25,0.414804063860668
cell24_01,30,26,0.384043585124461
cell24_01,30,27,0.414261437813159
cell24_01,30,28,0.367359292835731
cell24_01,30,29,0.349756037079446
cell24_01,30,30,0.329681790665957
cell24_01,30,31,0.341109028451401
cell24_01,30,32,0.305348221513956
cell24_01,30,33,0.295764745352306
cell24_01,30,34,0.281603955918927
cell24_01,30,35,0.270914806251869
cell24_01,30,36,0.279299253889185
cell24_01,30,37,0.26448206197898
cell24_01,30,38,0.254183836453676
cell24_01,30,39,0.26605451057902
cell24_01,30,40,0.251905390523007
cell24_01,30,41,0.239384148609521
cell24_01,30,42,0.242838284309793
cell24_01,30,43,0.26387525435596
cell24_01,30,44,0.238301813858844
cell24_01,30,45,0.236227582032076
cell24_01,30,46,0.224476519024732
cell24_01,30,47,0.240688201530147
cell24_01,30,48,0.221559174683286
cell24_01,30,49,0.208606165807266
cell24_01,30,50,0.233914127969309
cell24_01,30,51,0.232122878543662
cell24_01,30,52,0.217285265223067
cell24_01,30,53,0.209236312185018
cell24_01,30,54,0.196219121733486
cell24_01,30,55,0.214245392419281
cell24_01,30,56,0.200965640977018
cell24_01,30,57,0.199002268235225
cell24_01,30,58,0.207342955707419
cell24_01,30,59,0.188491076572995
cell24_01,30,60,0.187265791949588
cell24_01,30,61,0.171695925199291
cell24_01,30,62,0.173294629898403
cell24_01,30,63,0.185903392142133
cell24_01,30,64,0.174975020239076
cell24_01,30,65,0.176672914645798
cell24_01,30,66,0.177781505495547
cell24_01,30,67,0.156414875538797
cell24_01,30,68,0.170674854679785
cell24_01,30,69,0.168658969739846
cell24_01,30,70,0.141886500718396
cell24_01,30,71,0.166503052271517
cell24_01,30,72,0.148759763986843
cell24_01,30,73,0.136215183318625
cell24_01,30,74,0.161718607551546
cell24_01,30,75,0.167999649918679
cell24_01,30,76,0.15783270488874
cell24_01,30,77,0.143654411389312
cell24_01,30,78,0.153179540664133
cell24_01,30,79,0.146364624282515
cell24_01,30,80,0.120481945285207
cell24_01,30,81,0.143984071299896
cell24_01,30,82,0.152846963409209
cell24_01,30,83,0.140305300085332
cell24_01,30,84,0.116158440971184
cell24_01,30,85,0.138327340621832
cell24_01,30,86,0.131982116679187
cell24_01,30,87,0.134884874298925
cell24_01,30,88,0.126065742354734
cell24_01,30,89,0.131325714202362
cell24_01,30,90,0.123585999664505
cell24_01,30,91,0.115347419244262
cell24_01,30,92,0.114936073692118
cell24_01,30,93,0.12109458759691
cell24_01,30,94,0.110793444727265
cell24_01,30,95,0.117036561617959
cell24_01,30,96,0.128177899657941
cell24_01,30,97,0.114938991036459
cell24_01,30,98,0.128259585299502
cell24_01,30,99,0.115960061555966
cell24_01,30,100,0.117838831311857
cell24_01,30,101,0.119603824638431
cell24_01,30,102,0.122891671711241
cell24_01,30,103,0.117733806915565
cell24_01,30,104,0.114810627885436
cell24_01,30,105,0.108132826687866
cell24_01,30,106,0.122462822093049
cell24_01,30,107,0.118582754118926
cell24_01,30,108,0.11052213170351
cell24_01,30,109,0.117640451896638
cell24_01,30,110,0.104850814303739
cell24_01,30,111,0.110691337675314
cell24_01,30,112,0.128953913252766
cell24_01,30,113,0.124251154174355
cell24_01,30,114,0.118218086076245
cell24_01,30,115,0.112745148091692
cell24_01,30,116,0.125138026854155
cell24_01,30,117,0.144153277271699
cell24_01,30,118,0.126071577043417
cell11_01,100,1,0.011211534001212
cell11_01,100,2,-0.011349948001227
cell11_01,100,3,-0.003060071676006
cell11_01,100,4,4.67613742639742
cell11_01,100,5,4.1659696087747
cell11_01,100,6,3.82827311700846
cell11_01,100,7,3.58298480438735
cell11_01,100,8,3.25683278840614
cell11_01,100,9,3.11826166979657
cell11_01,100,10,2.92474393409997
cell11_01,100,11,2.75907733975774
cell11_01,100,12,2.54958588027563
cell11_01,100,13,2.44699491983211
cell11_01,100,14,2.2596122911632
cell11_01,100,15,2.13371166493337
cell11_01,100,16,2.02370620319175
cell11_01,100,17,1.91576198777468
cell11_01,100,18,1.80833776008739
cell11_01,100,19,1.70463574672483
cell11_01,100,20,1.62547416147302
cell11_01,100,21,1.5531621987625
cell11_01,100,22,1.49764696199975
cell11_01,100,23,1.44112915896661
cell11_01,100,24,1.38568499966332
cell11_01,100,25,1.36204239209319
cell11_01,100,26,1.28466522516591
cell11_01,100,27,1.25670185624397
cell11_01,100,28,1.16664297418018
cell11_01,100,29,1.14463140725888
cell11_01,100,30,1.10027533163246
cell11_01,100,31,1.08687161914453
cell11_01,100,32,1.03605123562552
cell11_01,100,33,1.00170211810829
cell11_01,100,34,0.969444174266967
cell11_01,100,35,0.915720837666565
cell11_01,100,36,0.885655072311963
cell11_01,100,37,0.843618366415527
cell11_01,100,38,0.821992114142918
cell11_01,100,39,0.815355723980039
cell11_01,100,40,0.773483618516053
cell11_01,100,41,0.738270348728462
cell11_01,100,42,0.749272391270192
cell11_01,100,43,0.709315636292899
cell11_01,100,44,0.680181359749209
cell11_01,100,45,0.674872995802689
cell11_01,100,46,0.674042511802599
cell11_01,100,47,0.64998840315135
cell11_01,100,48,0.596624194767203
cell11_01,100,49,0.618007287310055
cell11_01,100,50,0.601307825254196
cell11_01,100,51,0.579038134927464
cell11_01,100,52,0.574665000710775
cell11_01,100,53,0.564231577844782
cell11_01,100,54,0.537532639517571
cell11_01,100,55,0.524061590489088
cell11_01,100,56,0.522737305191647
cell11_01,100,57,0.501922832324533
cell11_01,100,58,0.478680503078776
cell11_01,100,59,0.489237376269107
cell11_01,100,60,0.463978691725836
cell11_01,100,61,0.443867511615554
cell11_01,100,62,0.444099448588552
cell11_01,100,63,0.453706128373374
cell11_01,100,64,0.431481329073674
cell11_01,100,65,0.401101326529849
cell11_01,100,66,0.414998840315135
cell11_01,100,67,0.406929678206155
cell11_01,100,68,0.410910015936315
cell11_01,100,69,0.417557628855952
cell11_01,100,70,0.420793523721167
cell11_01,100,71,0.413633404909582
cell11_01,100,72,0.428507298532812
cell11_01,100,73,0.40485720912485
cell11_01,100,74,0.414426479720479
cell11_01,100,75,0.415444009666535
cell11_01,100,76,0.410176795828127
cell11_01,100,77,0.396526182691517
cell11_01,100,78,0.401250963286622
cell11_01,100,79,0.39905130296206
cell11_01,100,80,0.404498080908595
cell11_01,100,81,0.383260884203596
cell11_01,100,82,0.372359846472688
cell11_01,100,83,0.401337004421766
cell11_01,100,84,0.37715570452726
cell11_01,100,85,0.370455718742752
cell11_01,100,86,0.357224088525105
cell11_01,100,87,0.358948652146914
cell11_01,100,88,0.383863172149607
cell11_01,100,89,0.369700053121049
cell11_01,100,90,0.358754124363109
cell11_01,100,91,0.346525060415841
cell11_01,100,92,0.328991373440972
cell11_01,100,93,0.33060745041412
cell11_01,100,94,0.313874320087987
cell11_01,100,95,0.317319706412683
cell11_01,100,96,0.298555257113358
cell11_01,100,97,0.284145237436124
cell11_01,100,98,0.309295435330735
cell11_01,100,99,0.288518371652813
cell11_01,100,100,0.284743784463216
cell11_01,100,101,0.310556125006547
cell11_01,100,102,0.289932439004317
cell11_01,100,103,0.293467607383078
cell11_01,100,104,0.295083684356225
cell11_01,100,105,0.278227103705754
cell11_01,100,106,0.256148200243908
cell11_01,100,107,0.271639345488826
cell11_01,100,108,0.266607809542336
cell11_01,100,109,0.266798596407222
cell11_01,100,110,0.260147242568665
cell11_01,100,111,0.265137628407042
cell11_01,100,112,0.259189567325318
cell11_01,100,113,0.2548688059735
cell11_01,100,114,0.236889949647231
cell11_01,100,115,0.23849854478254
cell11_01,100,116,0.253892426135556
cell11_01,100,117,0.235894865214692
cell11_01,100,118,0.211822051968846
cell13_01,100,1,0.020665801215951
cell13_01,100,2,0.028579983063383
cell13_01,100,3,-0.007952166345288
cell13_01,100,4,8.77801859452889
cell13_01,100,5,8.24742878465248
cell13_01,100,6,7.63112360379041
cell13_01,100,7,6.97750870850473
cell13_01,100,8,6.563200618477
cell13_01,100,9,6.1954391789986
cell13_01,100,10,5.77706898208249
cell13_01,100,11,5.39238433161807
cell13_01,100,12,5.09857647508329
cell13_01,100,13,4.85259780449602
cell13_01,100,14,4.48043016326631
cell13_01,100,15,4.14637214529741
cell13_01,100,16,4.02672991457957
cell13_01,100,17,3.73428056243869
cell13_01,100,18,3.54037640402993
cell13_01,100,19,3.37029076015918
cell13_01,100,20,3.22414875623113
cell13_01,100,21,3.04500045804836
cell13_01,100,22,2.87706875864427
cell13_01,100,23,2.81342908405969
cell13_01,100,24,2.59520590949411
cell13_01,100,25,2.5130744876003
cell13_01,100,26,2.33581647678142
cell13_01,100,27,2.33775592055431
cell13_01,100,28,2.28103836210845
cell13_01,100,29,2.19925550384202
cell13_01,100,30,2.13148222213781
cell13_01,100,31,2.0325035582537
cell13_01,100,32,1.95195407897648
cell13_01,100,33,1.94502302530885
cell13_01,100,34,1.88189725863645
cell13_01,100,35,1.80633492048951
cell13_01,100,36,1.76698744947503
cell13_01,100,37,1.68735853567526
cell13_01,100,38,1.57859327763763
cell13_01,100,39,1.65601015303284
cell13_01,100,40,1.55929268396228
cell13_01,100,41,1.5960706154159
cell13_01,100,42,1.46360749948051
cell13_01,100,43,1.50820576872803
cell13_01,100,44,1.42942592017446
cell13_01,100,45,1.38196317291214
cell13_01,100,46,1.37347698921464
cell13_01,100,47,1.33169851033737
cell13_01,100,48,1.2486465229661
cell13_01,100,49,1.26717848915543
cell13_01,100,50,1.1719714624702
cell13_01,100,51,1.1600130487922
cell13_01,100,52,1.17360703026024
cell13_01,100,53,1.09710625157803
cell13_01,100,54,1.11898532234315
cell13_01,100,55,1.07295704847045
cell13_01,100,56,1.09395130387375
cell13_01,100,57,1.01921568715074
cell13_01,100,58,0.975296670100168
cell13_01,100,59,1.02659808602818
cell13_01,100,60,0.986021704788952
cell13_01,100,61,0.991987505334587
cell13_01,100,62,0.974036478524235
cell13_01,100,63,0.928727675728576
cell13_01,100,64,0.922766343947393
cell13_01,100,65,0.938603645171165
cell13_01,100,66,0.800608198842143
cell13_01,100,67,0.882578745215629
cell13_01,100,68,0.851869395890077
cell13_01,100,69,0.797122562568288
cell13_01,100,70,0.831375642105593
cell13_01,100,71,0.768433094775791
cell13_01,100,72,0.862634649458944
cell13_01,100,73,0.792273953136067
cell13_01,100,74,0.755482615389084
cell13_01,100,75,0.837792787861048
cell13_01,100,76,0.832948647193281
cell13_01,100,77,0.849206012275696
cell13_01,100,78,0.750893194295175
cell13_01,100,79,0.742089728321465
cell13_01,100,80,0.747479058252579
cell13_01,100,81,0.726167520573074
cell13_01,100,82,0.793306237724863
cell13_01,100,83,0.70458785702635
cell13_01,100,84,0.754003454354923
cell13_01,100,85,0.733313074934477
cell13_01,100,86,0.780981385361668
cell13_01,100,87,0.763226984187277
cell13_01,100,88,0.82031098131833
cell13_01,100,89,0.784332958701913
cell13_01,100,90,0.744878237340549
cell13_01,100,91,0.768066656090591
cell13_01,100,92,0.724867110117059
cell13_01,100,93,0.732200352585515
cell13_01,100,94,0.751608196607761
cell13_01,100,95,0.71876277787336
cell13_01,100,96,0.748980563109009
cell13_01,100,97,0.736293740825068
cell13_01,100,98,0.644599163000418
cell13_01,100,99,0.762927576968882
cell13_01,100,100,0.653782473952689
cell13_01,100,101,0.732325477990218
cell13_01,100,102,0.790151290020579
cell13_01,100,103,0.765805461277039
cell13_01,100,104,0.674155571096925
cell13_01,100,105,0.710298937998128
cell13_01,100,106,0.744735236878032
cell13_01,100,107,0.690140341547667
cell13_01,100,108,0.656883796483529
cell13_01,100,109,0.716269207308218
cell13_01,100,110,0.661289998234838
cell13_01,100,111,0.70545479733036
cell13_01,100,112,0.65329537862724
cell13_01,100,113,0.706366425278907
cell13_01,100,114,0.707675773263829
cell13_01,100,115,0.713918637205592
cell13_01,100,116,0.661571530395419
cell13_01,100,117,0.652397156972055
cell13_01,100,118,0.627827890005832
cell28_01,5,1,-0.014087945206766
cell28_01,5,2,-0.009550008841152
cell28_01,5,3,0.00058993172753
cell28_01,5,4,0.319707005791346
cell28_01,5,5,0.312483862941803
cell28_01,5,6,0.294413487372801
cell28_01,5,7,0.275463691032255
cell28_01,5,8,0.264979493222044
cell28_01,5,9,0.267223424514558
cell28_01,5,10,0.268018345781362
cell28_01,5,11,0.271088494453546
cell28_01,5,12,0.268174826345694
cell28_01,5,13,0.259887615658697
cell28_01,5,14,0.260128595727768
cell28_01,5,15,0.251337517623624
cell28_01,5,16,0.227489879619502
cell28_01,5,17,0.233163864882162
cell28_01,5,18,0.230835434084909
cell28_01,5,19,0.234431357453247
cell28_01,5,20,0.23821818711007
cell28_01,5,21,0.234140303603591
cell28_01,5,22,0.219587611120761
cell28_01,5,23,0.231192209771585
cell28_01,5,24,0.239454383568289
cell28_01,5,25,0.224400953279598
cell28_01,5,26,0.233069976543563
cell28_01,5,27,0.218811467521676
cell28_01,5,28,0.22478902507914
cell28_01,5,29,0.229877773031201
cell28_01,5,30,0.218216841377217
cell28_01,5,31,0.220980288143311
cell28_01,5,32,0.224363397944158
cell28_01,5,33,0.222507538451187
cell28_01,5,34,0.216961867251278
cell28_01,5,35,0.203110207696653
cell28_01,5,36,0.210715163123164
cell28_01,5,37,0.220551531397043
cell28_01,5,38,0.218811467521676
cell28_01,5,39,0.21651433283729
cell28_01,5,40,0.194945051849835
cell28_01,5,41,0.211131401424286
cell28_01,5,42,0.204399607546744
cell28_01,5,43,0.207638755228407
cell28_01,5,44,0.202478026216754
cell28_01,5,45,0.215018378642281
cell28_01,5,46,0.205814191848301
cell28_01,5,47,0.202841061126003
cell28_01,5,48,0.21450825200256
cell28_01,5,49,0.212668040566022
cell28_01,5,50,0.206440114105628
cell28_01,5,51,0.198143514584771
cell28_01,5,52,0.19081709456277
cell28_01,5,53,0.204452810938617
cell28_01,5,54,0.183255953694271
cell28_01,5,55,0.197730405894936
cell28_01,5,56,0.190344523258489
cell28_01,5,57,0.202556266498919
cell28_01,5,58,0.193255061755055
cell28_01,5,59,0.175701072048346
cell28_01,5,60,0.186720433388571
cell28_01,5,61,0.181728703386396
cell28_01,5,62,0.190391467427788
cell28_01,5,63,0.196691374947775
cell28_01,5,64,0.179475383260022
cell28_01,5,65,0.17936584686499
cell28_01,5,66,0.183218398358832
cell28_01,5,67,0.170437065864234
cell28_01,5,68,0.156125353450475
cell28_01,5,69,0.16539839169276
cell28_01,5,70,0.173225549520622
cell28_01,5,71,0.161254786349261
cell28_01,5,72,0.169933198447087
cell28_01,5,73,0.137532332796605
cell28_01,5,74,0.145249954229435
cell28_01,5,75,0.175118964349033
cell28_01,5,76,0.158532024529893
cell28_01,5,77,0.139447654904023
cell28_01,5,78,0.175604054098461
cell28_01,5,79,0.164224787460273
cell28_01,5,80,0.166556347868813
cell28_01,5,81,0.161214101402535
cell28_01,5,82,0.168953630114372
cell28_01,5,83,0.177891799948987
cell28_01,5,84,0.170903377945942
cell28_01,5,85,0.169366738804207
cell28_01,5,86,0.16191513433074
cell28_01,5,87,0.186081992686098
cell28_01,5,88,0.183813024503292
cell28_01,5,89,0.178464518814441
cell28_01,5,90,0.195786917285939
cell28_01,5,91,0.196534894383443
cell28_01,5,92,0.202208879646103
cell28_01,5,93,0.18649823098722
cell28_01,5,94,0.1961937667532
cell28_01,5,95,0.187953500235503
cell28_01,5,96,0.188135017690128
cell28_01,5,97,0.183027492070347
cell28_01,5,98,0.175165908518333
cell28_01,5,99,0.181853887837861
cell28_01,5,100,0.16765484143042
cell28_01,5,101,0.183722265775979
cell28_01,5,102,0.187186745470279
cell28_01,5,103,0.182432865925888
cell28_01,5,104,0.169870606221354
cell28_01,5,105,0.171357171582504
cell28_01,5,106,0.179525457040608
cell28_01,5,107,0.198052755857459
cell28_01,5,108,0.199846023124698
cell28_01,5,109,0.190306967923049
cell28_01,5,110,0.171138098792439
cell28_01,5,111,0.16968908876673
cell28_01,5,112,0.158494469194454
cell28_01,5,113,0.163555050644935
cell28_01,5,114,0.169119499512563
cell28_01,5,115,0.152131969448735
cell28_01,5,116,0.176652473879482
cell28_01,5,117,0.164393786469752
cell28_01,5,118,0.170327529469202
cell27_01,5,1,-0.008474035378852
cell27_01,5,2,-0.001622635395545
cell27_01,5,3,0.000392771048846
cell27_01,5,4,0.469351584094737
cell27_01,5,5,0.463189988265965
cell27_01,5,6,0.474047652947501
cell27_01,5,7,0.457801660439609
cell27_01,5,8,0.461950304643045
cell27_01,5,9,0.458692759756679
cell27_01,5,10,0.44627873979409
cell27_01,5,11,0.445348363372136
cell27_01,5,12,0.446536495794895
cell27_01,5,13,0.458103603183409
cell27_01,5,14,0.457423618305095
cell27_01,5,15,0.453152233148895
cell27_01,5,16,0.441698047436924
cell27_01,5,17,0.429752897913895
cell27_01,5,18,0.450643408074391
cell27_01,5,19,0.44034053249935
cell27_01,5,20,0.435624825094142
cell27_01,5,21,0.440099960231932
cell27_01,5,22,0.437252370127798
cell27_01,5,23,0.436687761745082
cell27_01,5,24,0.439191677181475
cell27_01,5,25,0.43880872540885
cell27_01,5,26,0.451468227276968
cell27_01,5,27,0.446804071071922
cell27_01,5,28,0.446298378346532
cell27_01,5,29,0.433663424668968
cell27_01,5,30,0.445804959716419
cell27_01,5,31,0.435205051035688
cell27_01,5,32,0.437286737594572
cell27_01,5,33,0.421521889621516
cell27_01,5,34,0.433525954801872
cell27_01,5,35,0.431429539328656
cell27_01,5,36,0.439572174135045
cell27_01,5,37,0.446214914498652
cell27_01,5,38,0.44661750482372
cell27_01,5,39,0.446914537929409
cell27_01,5,40,0.451092639961509
cell27_01,5,41,0.452749642823827
cell27_01,5,42,0.452378965146479
cell27_01,5,43,0.439982128917278
cell27_01,5,44,0.453704567436334
cell27_01,5,45,0.453228332539609
cell27_01,5,46,0.450223634015937
cell27_01,5,47,0.43521487031191
cell27_01,5,48,0.43043779243032
cell27_01,5,49,0.433768981888345
cell27_01,5,50,0.444248604435367
cell27_01,5,51,0.45772310622984
cell27_01,5,52,0.480697757768275
cell27_01,5,53,0.485391371801985
cell27_01,5,54,0.472208993475091
cell27_01,5,55,0.473603330698494
cell27_01,5,56,0.479386884392751
cell27_01,5,57,0.48155448961857
cell27_01,5,58,0.47288161389624
cell27_01,5,59,0.476443556345462
cell27_01,5,60,0.485359459154266
cell27_01,5,61,0.457048030989636
cell27_01,5,62,0.478400047132526
cell27_01,5,63,0.476345363583251
cell27_01,5,64,0.484517456218302
cell27_01,5,65,0.47279815004836
cell27_01,5,66,0.483788374958882
cell27_01,5,67,0.495915181092002
cell27_01,5,68,0.488224232991786
cell27_01,5,69,0.485749775384057
cell27_01,5,70,0.488013118553031
cell27_01,5,71,0.473895454166074
cell27_01,5,72,0.480358992738645
cell27_01,5,73,0.48569576936484
cell27_01,5,74,0.502044864273054
cell27_01,5,75,0.492787741615566
cell27_01,5,76,0.508059170958509
cell27_01,5,77,0.511220977901719
cell27_01,5,78,0.492282048890176
cell27_01,5,79,0.499072078397101
cell27_01,5,80,0.495949548558776
cell27_01,5,81,0.506218056667043
cell27_01,5,82,0.498598298319431
cell27_01,5,83,0.501907394405959
cell27_01,5,84,0.506701656020935
cell27_01,5,85,0.503124984657381
cell27_01,5,86,0.515907227478263
cell27_01,5,87,0.519793206042783
cell27_01,5,88,0.503372921381965
cell27_01,5,89,0.520755495112456
cell27_01,5,90,0.517532317692863
cell27_01,5,91,0.503876159288299
cell27_01,5,92,0.512472935619916
cell27_01,5,93,0.522594154584866
cell27_01,5,94,0.522120374507195
cell27_01,5,95,0.513177468688783
cell27_01,5,96,0.525672497680196
cell27_01,5,97,0.530582135790771
cell27_01,5,98,0.533252978922924
cell27_01,5,99,0.539989002410632
cell27_01,5,100,0.526929365036503
cell27_01,5,101,0.531667165813208
cell27_01,5,102,0.519184410917071
cell27_01,5,103,0.531920012175903
cell27_01,5,104,0.534492662545844
cell27_01,5,105,0.526040720538489
cell27_01,5,106,0.523549079197372
cell27_01,5,107,0.531615614613047
cell27_01,5,108,0.515909682297318
cell27_01,5,109,0.521703055267796
cell27_01,5,110,0.518214757390233
cell27_01,5,111,0.53454666856506
cell27_01,5,112,0.540705809574776
cell27_01,5,113,0.532339786234357
cell27_01,5,114,0.557057359302046
cell27_01,5,115,0.545460794084868
cell27_01,5,116,0.556350371414123
cell27_01,5,117,0.55858180193538
cell27_01,5,118,0.536488430437793
cell26_01,5,1,-0.028939811758872
cell26_01,5,2,-0.010782483992133
cell26_01,5,3,-0.004489909431155
cell26_01,5,4,0.456104433953097
cell26_01,5,5,0.423760332655379
cell26_01,5,6,0.437022318870687
cell26_01,5,7,0.417903346322798
cell26_01,5,8,0.404738529789209
cell26_01,5,9,0.415132335054465
cell26_01,5,10,0.406929873645907
cell26_01,5,11,0.407539697165661
cell26_01,5,12,0.405693473212999
cell26_01,5,13,0.394388283346792
cell26_01,5,14,0.384755082141888
cell26_01,5,15,0.365572446699079
cell26_01,5,16,0.378258116181432
cell26_01,5,17,0.368149118603973
cell26_01,5,18,0.359226261279222
cell26_01,5,19,0.353593770418198
cell26_01,5,20,0.33937349010042
cell26_01,5,21,0.352662281745167
cell26_01,5,22,0.341936759290594
cell26_01,5,23,0.335168388357062
cell26_01,5,24,0.330541101100028
cell26_01,5,25,0.325746279908996
cell26_01,5,26,0.316743006295925
cell26_01,5,27,0.303052133209582
cell26_01,5,28,0.313445938474838
cell26_01,5,29,0.294276705746749
cell26_01,5,30,0.302938210134463
cell26_01,5,31,0.272668178939644
cell26_01,5,32,0.295761056401974
cell26_01,5,33,0.271505493437696
cell26_01,5,34,0.287729479606094
cell26_01,5,35,0.282582837153665
cell26_01,5,36,0.2630919392723
cell26_01,5,37,0.289344506729838
cell26_01,5,38,0.282854242126743
cell26_01,5,39,0.277486454881436
cell26_01,5,40,0.268741183526723
cell26_01,5,41,0.258873434814222
cell26_01,5,42,0.260629190442524
cell26_01,5,43,0.254403629455146
cell26_01,5,44,0.256176138476848
cell26_01,5,45,0.243781978039652
cell26_01,5,46,0.237630131983233
cell26_01,5,47,0.244820688430441
cell26_01,5,48,0.221680901466592
cell26_01,5,49,0.218149286137907
cell26_01,5,50,0.22585584710183
cell26_01,5,51,0.210596856393262
cell26_01,5,52,0.210925222903899
cell26_01,5,53,0.22392250550349
cell26_01,5,54,0.234772003069222
cell26_01,5,55,0.21490247849702
cell26_01,5,56,0.201365736629954
cell26_01,5,57,0.196916035342959
cell26_01,5,58,0.199968503620408
cell26_01,5,59,0.190043793370347
cell26_01,5,60,0.185319336431594
cell26_01,5,61,0.19077424132258
cell26_01,5,62,0.202625591813622
cell26_01,5,63,0.178112026590986
cell26_01,5,64,0.180661893066441
cell26_01,5,65,0.176899080908838
cell26_01,5,66,0.185121646389476
cell26_01,5,67,0.169024986010917
cell26_01,5,68,0.180008510723847
cell26_01,5,69,0.175924033412968
cell26_01,5,70,0.170626610419941
cell26_01,5,71,0.18778543594005
cell26_01,5,72,0.171125861543256
cell26_01,5,73,0.169785590071269
cell26_01,5,74,0.181090779937476
cell26_01,5,75,0.170083800473786
cell26_01,5,76,0.183526723337812
cell26_01,5,77,0.164870144447758
cell26_01,5,78,0.193401173407674
cell26_01,5,79,0.187021481201017
cell26_01,5,80,0.174530151082102
cell26_01,5,81,0.189521087496272
cell26_01,5,82,0.191481234524053
cell26_01,5,83,0.174064406745586
cell26_01,5,84,0.173122866036516
cell26_01,5,85,0.177797062795069
cell26_01,5,86,0.168405110455123
cell26_01,5,87,0.17772334786411
cell26_01,5,88,0.177535709858032
cell26_01,5,89,0.167316139884134
cell26_01,5,90,0.160125583436925
cell26_01,5,91,0.174057705388226
cell26_01,5,92,0.166099843523306
cell26_01,5,93,0.165067834489876
cell26_01,5,94,0.211320602988135
cell26_01,5,95,0.186542334149782
cell26_01,5,96,0.17966004014113
cell26_01,5,97,0.161800922776908
cell26_01,5,98,0.1686765154282
cell26_01,5,99,0.16066169202572
cell26_01,5,100,0.16367395215901
cell26_01,5,101,0.177569216644831
cell26_01,5,102,0.175461639755132
cell26_01,5,103,0.173521596799432
cell26_01,5,104,0.171775893207169
cell26_01,5,105,0.174607216691741
cell26_01,5,106,0.155066058630176
cell26_01,5,107,0.157304311988393
cell26_01,5,108,0.155836714726568
cell26_01,5,109,0.148904160537717
cell26_01,5,110,0.147155106266774
cell26_01,5,111,0.143187902709694
cell26_01,5,112,0.129929267173066
cell26_01,5,113,0.133249789744913
cell26_01,5,114,0.144206509028404
cell26_01,5,115,0.143442554289371
cell26_01,5,116,0.130626208338499
cell26_01,5,117,0.149175565510794
cell26_01,5,118,0.12948362690863
cell14_01,50,1,0.007061829451496
cell14_01,50,2,-0.004030261603689
cell14_01,50,3,-0.015984169605575
cell14_01,50,4,4.36158290425552
cell14_01,50,5,3.64514602727735
cell14_01,50,6,3.28631586773983
cell14_01,50,7,2.94898719610391
cell14_01,50,8,2.72427941119314
cell14_01,50,9,2.4945088741798
cell14_01,50,10,2.3044258524806
cell14_01,50,11,2.15087035062431
cell14_01,50,12,2.02523771784113
cell14_01,50,13,1.90884173492201
cell14_01,50,14,1.78958316787011
cell14_01,50,15,1.69359027870484
cell14_01,50,16,1.61348861810187
cell14_01,50,17,1.52664112759453
cell14_01,50,18,1.43034406774219
cell14_01,50,19,1.36442014083103
cell14_01,50,20,1.30844935473568
cell14_01,50,21,1.23034846131878
cell14_01,50,22,1.18454711519451
cell14_01,50,23,1.13665713035235
cell14_01,50,24,1.08742879448708
cell14_01,50,25,1.04363835457177
cell14_01,50,26,1.01851723549402
cell14_01,50,27,0.98348015201775
cell14_01,50,28,0.963002705429278
cell14_01,50,29,0.912243377105749
cell14_01,50,30,0.885246538791057
cell14_01,50,31,0.860318061148447
cell14_01,50,32,0.826899841662259
cell14_01,50,33,0.784805998245949
cell14_01,50,34,0.767458130060006
cell14_01,50,35,0.763622199728612
cell14_01,50,36,0.725948970297732
cell14_01,50,37,0.698536432044044
cell14_01,50,38,0.675770945953939
cell14_01,50,39,0.663080268954481
cell14_01,50,40,0.656131658592062
cell14_01,50,41,0.624737864012045
cell14_01,50,42,0.608792560660929
cell14_01,50,43,0.599190905972392
cell14_01,50,44,0.578446465114157
cell14_01,50,45,0.570406219952583
cell14_01,50,46,0.561771152114071
cell14_01,50,47,0.539908039062276
cell14_01,50,48,0.527410003497963
cell14_01,50,49,0.52563905416435
cell14_01,50,50,0.507294182059675
cell14_01,50,51,0.492403337090405
cell14_01,50,52,0.484728096753316
cell14_01,50,53,0.473058081392696
cell14_01,50,54,0.459921287385535
cell14_01,50,55,0.45865728919704
cell14_01,50,56,0.438909852257538
cell14_01,50,57,0.444303812441595
cell14_01,50,58,0.435347675544508
cell14_01,50,59,0.433191443340605
cell14_01,50,60,0.43141035498409
cell14_01,50,61,0.425519582677817
cell14_01,50,62,0.416384323042789
cell14_01,50,63,0.421561984071595
cell14_01,50,64,0.407428186145701
cell14_01,50,65,0.395937293523023
cell14_01,50,66,0.413781973831182
cell14_01,50,67,0.387687508554801
cell14_01,50,68,0.383716391251375
cell14_01,50,69,0.404345923183383
cell14_01,50,70,0.374452703992916
cell14_01,50,71,0.391692422601234
cell14_01,50,72,0.386670226590264
cell14_01,50,73,0.369974635544373
cell14_01,50,74,0.373293475707746
cell14_01,50,75,0.355104068620907
cell14_01,50,76,0.35614500830555
cell14_01,50,77,0.351758191063127
cell14_01,50,78,0.349919648243499
cell14_01,50,79,0.370795896399464
cell14_01,50,80,0.341609029137862
cell14_01,50,81,0.341872643733324
cell14_01,50,82,0.353414231470513
cell14_01,50,83,0.34001044319359
cell14_01,50,84,0.3426296907767
cell14_01,50,85,0.307369548796583
cell14_01,50,86,0.32349059521134
cell14_01,50,87,0.314659506263382
cell14_01,50,88,0.321199176035406
cell14_01,50,89,0.298825732164192
cell14_01,50,90,0.312084194446181
cell14_01,50,91,0.321070748411976
cell14_01,50,92,0.309258786730723
cell14_01,50,93,0.301303033426669
cell14_01,50,94,0.299910607614744
cell14_01,50,95,0.305250493009989
cell14_01,50,96,0.286868444488005
cell14_01,50,97,0.289173382361142
cell14_01,50,98,0.268368107365493
cell14_01,50,99,0.279230380568225
cell14_01,50,100,0.286885342859509
cell14_01,50,101,0.267556985533304
cell14_01,50,102,0.280785030746587
cell14_01,50,103,0.27238654010913
cell14_01,50,104,0.279297974054241
cell14_01,50,105,0.250269951484776
cell14_01,50,106,0.264251664067134
cell14_01,50,107,0.258286538926244
cell14_01,50,108,0.255298906844348
cell14_01,50,109,0.261027454784183
cell14_01,50,110,0.258948955089198
cell14_01,50,111,0.241996508796447
cell14_01,50,112,0.249969160472005
cell14_01,50,113,0.228994901761317
cell14_01,50,114,0.25539691739907
cell14_01,50,115,0.232857869487118
cell14_01,50,116,0.233530424672974
cell14_01,50,117,0.234358444876667
cell14_01,50,118,0.230779369792133
cell18_01,10,1,0.005642042867177
cell18_01,10,2,0.059036916403603
cell18_01,10,3,-0.010944482606917
cell18_01,10,4,1.23613994736152
cell18_01,10,5,1.07885738984124
cell18_01,10,6,0.948835701550597
cell18_01,10,7,0.897192871421625
cell18_01,10,8,0.809220224909889
cell18_01,10,9,0.760124418236688
cell18_01,10,10,0.747775213602649
cell18_01,10,11,0.659756257573536
cell18_01,10,12,0.650378580304562
cell18_01,10,13,0.599252873119641
cell18_01,10,14,0.614403803555027
cell18_01,10,15,0.60176130531093
cell18_01,10,16,0.55373833579031
cell18_01,10,17,0.549292622122057
cell18_01,10,18,0.527774133047244
cell18_01,10,19,0.502064632649754
cell18_01,10,20,0.494469871799819
cell18_01,10,21,0.462863626189576
cell18_01,10,22,0.447303628350687
cell18_01,10,23,0.42073740188171
cell18_01,10,24,0.419872957557327
cell18_01,10,25,0.372753023625572
cell18_01,10,26,0.401094448260692
cell18_01,10,27,0.356243680680441
cell18_01,10,28,0.369511357409137
cell18_01,10,29,0.371842269783812
cell18_01,10,30,0.316031583090852
cell18_01,10,31,0.315738289480793
cell18_01,10,32,0.361438064879634
cell18_01,10,33,0.307495195387572
cell18_01,10,34,0.318717535098755
cell18_01,10,35,0.298572895039479
cell18_01,10,36,0.301212537530005
cell18_01,10,37,0.288238154411367
cell18_01,10,38,0.271149942499016
cell18_01,10,39,0.290731150096864
cell18_01,10,40,0.305503886140333
cell18_01,10,41,0.287975733812894
cell18_01,10,42,0.275819485501262
cell18_01,10,43,0.260776610606423
cell18_01,10,44,0.287211626776163
cell18_01,10,45,0.24037726820157
cell18_01,10,46,0.220286655912568
cell18_01,10,47,0.25433958769093
cell18_01,10,48,0.241758835470003
cell18_01,10,49,0.2166976683158
cell18_01,10,50,0.253614071918681
cell18_01,10,51,0.236139947361515
cell18_01,10,52,0.208817332108704
cell18_01,10,53,0.222571258769865
cell18_01,10,54,0.215933561279069
cell18_01,10,55,0.206918641896221
cell18_01,10,56,0.223443421347144
cell18_01,10,57,0.208261617900172
cell18_01,10,58,0.194600310273767
cell18_01,10,59,0.2048887413845
cell18_01,10,60,0.181348070050863
cell18_01,10,61,0.182374597686068
cell18_01,10,62,0.199702075438204
cell18_01,10,63,0.193450290592222
cell18_01,10,64,0.173745590948033
cell18_01,10,65,0.135478493088305
cell18_01,10,66,0.1580698193157
cell18_01,10,67,0.160956445898906
cell18_01,10,68,0.198837631113821
cell18_01,10,69,0.103509489591936
cell18_01,10,70,0.151555613871244
cell18_01,10,71,0.147611586641248
cell18_01,10,72,0.179333606044936
cell18_01,10,73,0.150004245039093
cell18_01,10,74,0.159837299228947
cell18_01,10,75,0.134745259063158
cell18_01,10,76,0.158409422443136
cell18_01,10,77,0.139955079768144
cell18_01,10,78,0.129280736012596
cell18_01,10,79,0.137369465047892
cell18_01,10,80,0.123137006707162
cell18_01,10,81,0.126872641108959
cell18_01,10,82,0.137878869739046
cell18_01,10,83,0.113381135046271
cell18_01,10,84,0.141336647036577
cell18_01,10,85,0.107283715258214
cell18_01,10,86,0.159960791275287
cell18_01,10,87,0.105122604447257
cell18_01,10,88,0.123445736823013
cell18_01,10,89,0.104783001319821
cell18_01,10,90,0.123623256639627
cell18_01,10,91,0.096918101618518
cell18_01,10,92,0.109730401426333
cell18_01,10,93,0.117116769448068
cell18_01,10,94,0.088921991617978
cell18_01,10,95,0.11609796006576
cell18_01,10,96,0.099719827419865
cell18_01,10,97,0.085194075469077
cell18_01,10,98,0.074782152312003
cell18_01,10,99,0.082315167138767
cell18_01,10,100,0.064100090303559
cell18_01,10,101,0.085194075469077
cell18_01,10,102,0.059831896451919
cell18_01,10,103,0.070074018045275
cell18_01,10,104,0.088512924214475
cell18_01,10,105,0.098793637072312
cell18_01,10,106,0.096979847641688
cell18_01,10,107,0.059739277417164
cell18_01,10,108,0.049574338352771
cell18_01,10,109,0.020569143968572
cell18_01,10,110,0.037858030456226
cell18_01,10,111,0.069448839560677
cell18_01,10,112,0.082708798036477
cell18_01,10,113,0.042743684539568
cell18_01,10,114,0.04690382285066
cell18_01,10,115,0.05069348502273
cell18_01,10,116,0.038382871653173
cell18_01,10,117,0.055270408990221
cell18_01,10,118,0.04793806873876
cell30_01,2,1,-0.000977979793058
cell30_01,2,2,0.0080106174034
cell30_01,2,3,0.001172879680643
cell30_01,2,4,0.112286697734637
cell30_01,2,5,0.123233574753968
cell30_01,2,6,0.117595399434558
cell30_01,2,7,0.120695235741855
cell30_01,2,8,0.115980514651715
cell30_01,2,9,0.11567192316304
cell30_01,2,10,0.107495408831517
cell30_01,2,11,0.113829655178014
cell30_01,2,12,0.118194020517854
cell30_01,2,13,0.113537305346638
cell30_01,2,14,0.109504733863043
cell30_01,2,15,0.112377186968158
cell30_01,2,16,0.109077810299763
cell30_01,2,17,0.116263583536064
cell30_01,2,18,0.110676453425307
cell30_01,2,19,0.095629718056431
cell30_01,2,20,0.101766744278586
cell30_01,2,21,0.111609188601605
cell30_01,2,22,0.118347156143813
cell30_01,2,23,0.119059468828199
cell30_01,2,24,0.112474636911951
cell30_01,2,25,0.117950395658373
cell30_01,2,26,0.10542575764431
cell30_01,2,27,0.110138158497693
cell30_01,2,28,0.105506965930804
cell30_01,2,29,0.119377341263903
cell30_01,2,30,0.107029041243369
cell30_01,2,31,0.111688076651342
cell30_01,2,32,0.107750634874783
cell30_01,2,33,0.100952341176894
cell30_01,2,34,0.113657957657999
cell30_01,2,35,0.109875971744157
cell30_01,2,36,0.096497486603533
cell30_01,2,37,0.104186751216094
cell30_01,2,38,0.115732249318721
cell30_01,2,39,0.107792399136408
cell30_01,2,40,0.097745773978777
cell30_01,2,41,0.096963854191682
cell30_01,2,42,0.113532664873124
cell30_01,2,43,0.10669956762388
cell30_01,2,44,0.096212097482427
cell30_01,2,45,0.095216715913692
cell30_01,2,46,0.0897177547997
cell30_01,2,47,0.100441889090363
cell30_01,2,48,0.090300134225696
cell30_01,2,49,0.095184232599095
cell30_01,2,50,0.091979985637735
cell30_01,2,51,0.090947480280888
cell30_01,2,52,0.090437028194357
cell30_01,2,53,0.082833612341803
cell30_01,2,54,0.090184122387848
cell30_01,2,55,0.079810343847486
cell30_01,2,56,0.08468980174737
cell30_01,2,57,0.09083146844304
cell30_01,2,58,0.089469489466705
cell30_01,2,59,0.080961181278938
cell30_01,2,60,0.077504028511069
cell30_01,2,61,0.06959202116984
cell30_01,2,62,0.072670975346324
cell30_01,2,63,0.065721866259233
cell30_01,2,64,0.074889121685977
cell30_01,2,65,0.065369190272175
cell30_01,2,66,0.067083845235568
cell30_01,2,67,0.080905495596771
cell30_01,2,68,0.067517729509119
cell30_01,2,69,0.0666778038031
cell30_01,2,70,0.062155662363788
cell30_01,2,71,0.077132790629956
cell30_01,2,72,0.06167305311834
cell30_01,2,73,0.05666134172331
cell30_01,2,74,0.060007123126844
cell30_01,2,75,0.066506106283085
cell30_01,2,76,0.056055759929743
cell30_01,2,77,0.061401585417776
cell30_01,2,78,0.064181229052613
cell30_01,2,79,0.066501465809571
cell30_01,2,80,0.056109125375153
cell30_01,2,81,0.056322587156794
cell30_01,2,82,0.061195084346407
cell30_01,2,83,0.052995367647315
cell30_01,2,84,0.059482749619771
cell30_01,2,85,0.059937516024135
cell30_01,2,86,0.058524491839147
cell30_01,2,87,0.051057969955254
cell30_01,2,88,0.059204321208936
cell30_01,2,89,0.057153231915785
cell30_01,2,90,0.061793705429702
cell30_01,2,91,0.047074123443556
cell30_01,2,92,0.057420059142835
cell30_01,2,93,0.051464011387722
cell30_01,2,94,0.061677693591854
cell30_01,2,95,0.063990969638542
cell30_01,2,96,0.048037021697694
cell30_01,2,97,0.056491964440052
cell30_01,2,98,0.053707680331701
cell30_01,2,99,0.04458450940334
cell30_01,2,100,0.051016205693629
cell30_01,2,101,0.048958155690207
cell30_01,2,102,0.04845234407719
cell30_01,2,103,0.049364197122675
cell30_01,2,104,0.050027784835165
cell30_01,2,105,0.060712475100959
cell30_01,2,106,0.059427063937604
cell30_01,2,107,0.066009575617096
cell30_01,2,108,0.055928146908111
cell30_01,2,109,0.052582365504576
cell30_01,2,110,0.057053461735236
cell30_01,2,111,0.061148679611268
cell30_01,2,112,0.060508294266347
cell30_01,2,113,0.052603247635389
cell30_01,2,114,0.061837789928084
cell30_01,2,115,0.055770370808637
cell30_01,2,116,0.050925716460108
cell30_01,2,117,0.070735897891021
cell30_01,2,118,0.054489600118796
cell21_01,20,1,0.00447747674968
cell21_01,20,2,0.001544717238408
cell21_01,20,3,-0.012624574957955
cell21_01,20,4,2.10083747665176
cell21_01,20,5,1.79509117748581
cell21_01,20,6,1.62915280460429
cell21_01,20,7,1.49363385550162
cell21_01,20,8,1.41530616491509
cell21_01,20,9,1.35829606182786
cell21_01,20,10,1.29628704812125
cell21_01,20,11,1.24759540648585
cell21_01,20,12,1.14097319634066
cell21_01,20,13,1.09996842020226
cell21_01,20,14,1.0412789573281
cell21_01,20,15,1.02415732124978
cell21_01,20,16,0.957350136723388
cell21_01,20,17,0.934779149499742
cell21_01,20,18,0.88549997674356
cell21_01,20,19,0.848309256797612
cell21_01,20,20,0.815304696087287
cell21_01,20,21,0.793977316402645
cell21_01,20,22,0.753848940852752
cell21_01,20,23,0.718876150887784
cell21_01,20,24,0.70997505440783
cell21_01,20,25,0.654894011833856
cell21_01,20,26,0.656607644269491
cell21_01,20,27,0.625537040165096
cell21_01,20,28,0.611617448695069
cell21_01,20,29,0.59561212174624
cell21_01,20,30,0.586897076787869
cell21_01,20,31,0.544374511920762
cell21_01,20,32,0.549290188964697
cell21_01,20,33,0.52152444741474
cell21_01,20,34,0.511154523132814
cell21_01,20,35,0.497185970736054
cell21_01,20,36,0.487996004788379
cell21_01,20,37,0.452656007872917
cell21_01,20,38,0.451525010465398
cell21_01,20,39,0.448327861949771
cell21_01,20,40,0.45927552516714
cell21_01,20,41,0.434986009415186
cell21_01,20,42,0.423964904807718
cell21_01,20,43,0.399210260251806
cell21_01,20,44,0.392091341504912
cell21_01,20,45,0.371150753141455
cell21_01,20,46,0.385452239839996
cell21_01,20,47,0.373525358087978
cell21_01,20,48,0.362048916861898
cell21_01,20,49,0.345632318128517
cell21_01,20,50,0.330243898856517
cell21_01,20,51,0.32316414885101
cell21_01,20,52,0.32775668377851
cell21_01,20,53,0.330253691041864
cell21_01,20,54,0.313518846284722
cell21_01,20,55,0.312245862189679
cell21_01,20,56,0.301063186523994
cell21_01,20,57,0.300475655403205
cell21_01,20,58,0.272670745111863
cell21_01,20,59,0.298693477670145
cell21_01,20,60,0.280636687891228
cell21_01,20,61,0.283270785749433
cell21_01,20,62,0.26517482722913
cell21_01,20,63,0.251304196685835
cell21_01,20,64,0.247891620092585
cell21_01,20,65,0.257355767229962
cell21_01,20,66,0.252219766015731
cell21_01,20,67,0.246256325139722
cell21_01,20,68,0.246050689247446
cell21_01,20,69,0.230559452029308
cell21_01,20,70,0.237399293493827
cell21_01,20,71,0.203611357955783
cell21_01,20,72,0.238314862823723
cell21_01,20,73,0.216541938705816
cell21_01,20,74,0.220160151191342
cell21_01,20,75,0.207254050904675
cell21_01,20,76,0.233849626305727
cell21_01,20,77,0.226236202198835
cell21_01,20,78,0.204419213246868
cell21_01,20,79,0.20700435017834
cell21_01,20,80,0.213408439394941
cell21_01,20,81,0.197031009402946
cell21_01,20,82,0.200659014073818
cell21_01,20,83,0.187748017694479
cell21_01,20,84,0.198284409127296
cell21_01,20,85,0.175458825084641
cell21_01,20,86,0.184071052096874
cell21_01,20,87,0.174910462705238
cell21_01,20,88,0.184056363818854
cell21_01,20,89,0.176447835804636
cell21_01,20,90,0.171492990019315
cell21_01,20,91,0.165862483445087
cell21_01,20,92,0.152481462169116
cell21_01,20,93,0.162963996582527
cell21_01,20,94,0.165842899074394
cell21_01,20,95,0.138258312953348
cell21_01,20,96,0.170357096519123
cell21_01,20,97,0.155453390421774
cell21_01,20,98,0.156922218223746
cell21_01,20,99,0.155468078699793
cell21_01,20,100,0.14851562710379
cell21_01,20,101,0.150253740002791
cell21_01,20,102,0.152114255218623
cell21_01,20,103,0.163365476181733
cell21_01,20,104,0.149744546364774
cell21_01,20,105,0.132642494657139
cell21_01,20,106,0.156124155118008
cell21_01,20,107,0.143781105488765
cell21_01,20,108,0.141127423259867
cell21_01,20,109,0.148398120879632
cell21_01,20,110,0.126625196761724
cell21_01,20,111,0.135462644036926
cell21_01,20,112,0.140295087505416
cell21_01,20,113,0.139594946253143
cell21_01,20,114,0.12145492289878
cell21_01,20,115,0.133102727368424
cell21_01,20,116,0.141665993453924
cell21_01,20,117,0.117449919092068
cell21_01,20,118,0.126429353054795
cell16_01,50,1,-0.005688441367065
cell16_01,50,2,0.002917200687012
cell16_01,50,3,0.006688167442121
cell16_01,50,4,1.04049690384835
cell16_01,50,5,0.987667379138116
cell16_01,50,6,0.969044481811983
cell16_01,50,7,0.926888032679046
cell16_01,50,8,0.911796167850009
cell16_01,50,9,0.874946264723466
cell16_01,50,10,0.858478776815153
cell16_01,50,11,0.846210138422072
cell16_01,50,12,0.809544184893339
cell16_01,50,13,0.769315207633108
cell16_01,50,14,0.766152074331633
cell16_01,50,15,0.74300641624195
cell16_01,50,16,0.725539202258581
cell16_01,50,17,0.712058895862534
cell16_01,50,18,0.685134273209141
cell16_01,50,19,0.680687491627294
cell16_01,50,20,0.666219455869092
cell16_01,50,21,0.628621757638407
cell16_01,50,22,0.625458624336932
cell16_01,50,23,0.628749722576014
cell16_01,50,24,0.606963691948406
cell16_01,50,25,0.61009483401548
cell16_01,50,26,0.569813870999346
cell16_01,50,27,0.564151422510232
cell16_01,50,28,0.571805325340857
cell16_01,50,29,0.554038193534971
cell16_01,50,30,0.535815186638861
cell16_01,50,31,0.533227895556617
cell16_01,50,32,0.520155477399192
cell16_01,50,33,0.503100150558747
cell16_01,50,34,0.504023897452098
cell16_01,50,35,0.513289358715712
cell16_01,50,36,0.485988839058098
cell16_01,50,37,0.49251505087606
cell16_01,50,38,0.491899219613826
cell16_01,50,39,0.471404835075189
cell16_01,50,40,0.47196068277292
cell16_01,50,41,0.469081471676761
cell16_01,50,42,0.452342058276032
cell16_01,50,43,0.457052767541694
cell16_01,50,44,0.439065695999296
cell16_01,50,45,0.441593003517036
cell16_01,50,46,0.439989442892647
cell16_01,50,47,0.425985280033271
cell16_01,50,48,0.431955644153502
cell16_01,50,49,0.423022091946807
cell16_01,50,50,0.411561232222371
cell16_01,50,51,0.417955480198426
cell16_01,50,52,0.417735540461914
cell16_01,50,53,0.417051727826576
cell16_01,50,54,0.40108410295579
cell16_01,50,55,0.416695825343856
cell16_01,50,56,0.389735212551761
cell16_01,50,57,0.402923598933892
cell16_01,50,58,0.392594429126419
cell16_01,50,59,0.401196072276196
cell16_01,50,60,0.383808836378832
cell16_01,50,61,0.378734226821851
cell16_01,50,62,0.393086294355347
cell16_01,50,63,0.385260438639813
cell16_01,50,64,0.391494730443858
cell16_01,50,65,0.374975256779642
cell16_01,50,66,0.367201386820011
cell16_01,50,67,0.382297250553348
cell16_01,50,68,0.390906891511726
cell16_01,50,69,0.383073037987591
cell16_01,50,70,0.379510014256094
cell16_01,50,71,0.364266191063649
cell16_01,50,72,0.365997716625645
cell16_01,50,73,0.374239458388402
cell16_01,50,74,0.371836116903968
cell16_01,50,75,0.36194682656952
cell16_01,50,76,0.364058248040037
cell16_01,50,77,0.362934555931675
cell16_01,50,78,0.35510070240754
cell16_01,50,79,0.338137350366
cell16_01,50,80,0.362434692894147
cell16_01,50,81,0.357244115112459
cell16_01,50,82,0.351377722504034
cell16_01,50,83,0.372012068693178
cell16_01,50,84,0.357388075667267
cell16_01,50,85,0.367793224656444
cell16_01,50,86,0.351801606359857
cell16_01,50,87,0.34932628459802
cell16_01,50,88,0.363698346653017
cell16_01,50,89,0.362398702755445
cell16_01,50,90,0.338261316399306
cell16_01,50,91,0.339628941669983
cell16_01,50,92,0.349002373349702
cell16_01,50,93,0.335382105303147
cell16_01,50,94,0.359687445639895
cell16_01,50,95,0.339816890172093
cell16_01,50,96,0.348930393072298
cell16_01,50,97,0.352773340104811
cell16_01,50,98,0.352725353253209
cell16_01,50,99,0.331439185663128
cell16_01,50,100,0.350517958079486
cell16_01,50,101,0.343387911712191
cell16_01,50,102,0.335402099824648
cell16_01,50,103,0.339968848535501
cell16_01,50,104,0.326772464344769
cell16_01,50,105,0.332806810933804
cell16_01,50,106,0.34553532332141
cell16_01,50,107,0.327640226577918
cell16_01,50,108,0.344391636691546
cell16_01,50,109,0.339744909894689
cell16_01,50,110,0.342700100172553
cell16_01,50,111,0.33940100412487
cell16_01,50,112,0.334726284997911
cell16_01,50,113,0.333702565497054
cell16_01,50,114,0.313680051665843
cell16_01,50,115,0.32191379562
cell16_01,50,116,0.333394649865937
cell16_01,50,117,0.327732201376823
cell16_01,50,118,0.349886131200051
cell15_01,50,1,0.000632730695927
cell15_01,50,2,-0.008009444663071
cell15_01,50,3,-0.010872165250739
cell15_01,50,4,3.35843808112842
cell15_01,50,5,2.8249959489803
cell15_01,50,6,2.55382454840776
cell15_01,50,7,2.38977368303279
cell15_01,50,8,2.23649467194457
cell15_01,50,9,2.10328171176802
cell15_01,50,10,1.97535822588486
cell15_01,50,11,1.92777610592838
cell15_01,50,12,1.81649652383929
cell15_01,50,13,1.76134092610168
cell15_01,50,14,1.67750796700541
cell15_01,50,15,1.58835081058975
cell15_01,50,16,1.54194541540313
cell15_01,50,17,1.46343279551224
cell15_01,50,18,1.39510173846617
cell15_01,50,19,1.37893624080804
cell15_01,50,20,1.29938578825127
cell15_01,50,21,1.26755248964096
cell15_01,50,22,1.22912567420542
cell15_01,50,23,1.20541756367817
cell15_01,50,24,1.11869101908223
cell15_01,50,25,1.08321180274235
cell15_01,50,26,1.04062594041529
cell15_01,50,27,1.01833761583987
cell15_01,50,28,0.99542813491053
cell15_01,50,29,0.949404693009869
cell15_01,50,30,0.930673549542042
cell15_01,50,31,0.903902096499148
cell15_01,50,32,0.879607552643966
cell15_01,50,33,0.858924203492365
cell15_01,50,34,0.837774022546818
cell15_01,50,35,0.807129023048373
cell15_01,50,36,0.778918493483646
cell15_01,50,37,0.780249542813491
cell15_01,50,38,0.73405248578285
cell15_01,50,39,0.737463058558455
cell15_01,50,40,0.696100218369253
cell15_01,50,41,0.690652561401885
cell15_01,50,42,0.666793984428652
cell15_01,50,43,0.660335501593401
cell15_01,50,44,0.647233346450921
cell15_01,50,45,0.613239504000864
cell15_01,50,46,0.605083451005811
cell15_01,50,47,0.610060418065233
cell15_01,50,48,0.582690957352408
cell15_01,50,49,0.571321095395727
cell15_01,50,50,0.565506917598401
cell15_01,50,51,0.546332091020626
cell15_01,50,52,0.558407987839225
cell15_01,50,53,0.542952383157018
cell15_01,50,54,0.535066398141932
cell15_01,50,55,0.492546123752865
cell15_01,50,56,0.502878153043666
cell15_01,50,57,0.518777440835822
cell15_01,50,58,0.505100426707409
cell15_01,50,59,0.478097486824541
cell15_01,50,60,0.502457618617715
cell15_01,50,61,0.489721984305193
cell15_01,50,62,0.451511223253625
cell15_01,50,63,0.446437803344214
cell15_01,50,64,0.462306226224373
cell15_01,50,65,0.454389376297291
cell15_01,50,66,0.459458938092703
cell15_01,50,67,0.442232459084701
cell15_01,50,68,0.453833807881355
cell15_01,50,69,0.446187025934243
cell15_01,50,70,0.434716853013573
cell15_01,50,71,0.437595006057239
cell15_01,50,72,0.442139864348712
cell15_01,50,73,0.425256757486671
cell15_01,50,74,0.42723982808244
cell15_01,50,75,0.431510760279945
cell15_01,50,76,0.407536439886726
cell15_01,50,77,0.421282900067131
cell15_01,50,78,0.424415688634768
cell15_01,50,79,0.402173661427348
cell15_01,50,80,0.394681204040217
cell15_01,50,81,0.401949890815374
cell15_01,50,82,0.381571332669738
cell15_01,50,83,0.395645732540105
cell15_01,50,84,0.39371281742633
cell15_01,50,85,0.394391845490251
cell15_01,50,86,0.372439176832797
cell15_01,50,87,0.395985246572066
cell15_01,50,88,0.373982422432618
cell15_01,50,89,0.383743450851486
cell15_01,50,90,0.363754562219805
cell15_01,50,91,0.361528430442063
cell15_01,50,92,0.353765905074963
cell15_01,50,93,0.341323487426407
cell15_01,50,94,0.344247937838067
cell15_01,50,95,0.349622290639444
cell15_01,50,96,0.373129779238717
cell15_01,50,97,0.350544379885337
cell15_01,50,98,0.344587451870028
cell15_01,50,99,0.344217072926071
cell15_01,50,100,0.339922992044569
cell15_01,50,101,0.349730317831431
cell15_01,50,102,0.355760550012732
cell15_01,50,103,0.348437849641581
cell15_01,50,104,0.337438366628857
cell15_01,50,105,0.329124130959822
cell15_01,50,106,0.324251332978387
cell15_01,50,107,0.334533206787194
cell15_01,50,108,0.331820952645509
cell15_01,50,109,0.345108297259968
cell15_01,50,110,0.33387732740727
cell15_01,50,111,0.341709298826362
cell15_01,50,112,0.324289914118382
cell15_01,50,113,0.317951032817118
cell15_01,50,114,0.323661041536455
cell15_01,50,115,0.328317785133915
cell15_01,50,116,0.30535043249458
cell15_01,50,117,0.34405117402409
cell15_01,50,118,0.334101098019244
cell12_01,100,1,0.002447026179043
cell12_01,100,2,-0.010313149344967
cell12_01,100,3,-0.001403301098775
cell12_01,100,4,4.99806210800645
cell12_01,100,5,4.47640322154656
cell12_01,100,6,4.11586303017575
cell12_01,100,7,3.77037730025234
cell12_01,100,8,3.47935301773378
cell12_01,100,9,3.23170378573088
cell12_01,100,10,2.98864630766342
cell12_01,100,11,2.76794936660525
cell12_01,100,12,2.59201804880688
cell12_01,100,13,2.41666905323316
cell12_01,100,14,2.28986600224655
cell12_01,100,15,2.10043944644386
cell12_01,100,16,2.01063454029956
cell12_01,100,17,1.87836147890753
cell12_01,100,18,1.80598487235051
cell12_01,100,19,1.71072268415543
cell12_01,100,20,1.63709551675529
cell12_01,100,21,1.55509309200373
cell12_01,100,22,1.48848243009747
cell12_01,100,23,1.41649085626824
cell12_01,100,24,1.35552521964367
cell12_01,100,25,1.31361392991132
cell12_01,100,26,1.23034503387333
cell12_01,100,27,1.16689418600581
cell12_01,100,28,1.11955743510926
cell12_01,100,29,1.05594748280877
cell12_01,100,30,1.02849560394452
cell12_01,100,31,0.970320659074203
cell12_01,100,32,0.942251455010039
cell12_01,100,33,0.900922487502346
cell12_01,100,34,0.865559936230943
cell12_01,100,35,0.828711349555621
cell12_01,100,36,0.788483384724065
cell12_01,100,37,0.768744888770091
cell12_01,100,38,0.760353720975374
cell12_01,100,39,0.736943094708505
cell12_01,100,40,0.696721494054267
cell12_01,100,41,0.694360384269026
cell12_01,100,42,0.676448407205522
cell12_01,100,43,0.655338431039366
cell12_01,100,44,0.645970362026227
cell12_01,100,45,0.613408048775055
cell12_01,100,46,0.60470821838038
cell12_01,100,47,0.583346857210136
cell12_01,100,48,0.556190912591207
cell12_01,100,49,0.551876000369122
cell12_01,100,50,0.530632376479273
cell12_01,100,51,0.512491289032295
cell12_01,100,52,0.502232235194537
cell12_01,100,53,0.47698872585988
cell12_01,100,54,0.465428197760446
cell12_01,100,55,0.472463795786278
cell12_01,100,56,0.445148746734381
cell12_01,100,57,0.443242675627428
cell12_01,100,58,0.426854919031754
cell12_01,100,59,0.437225345972589
cell12_01,100,60,0.430183383769438
cell12_01,100,61,0.41962839568636
cell12_01,100,62,0.423443719988926
cell12_01,100,63,0.426950381691535
cell12_01,100,64,0.432445848806239
cell12_01,100,65,0.41795461705154
cell12_01,100,66,0.392898850947785
cell12_01,100,67,0.404472107401856
cell12_01,100,68,0.404383008919394
cell12_01,100,69,0.398117476349126
cell12_01,100,70,0.374589112801861
cell12_01,100,71,0.381328776582373
cell12_01,100,72,0.378913571289923
cell12_01,100,73,0.371053812301318
cell12_01,100,74,0.37469093963896
cell12_01,100,75,0.3565562163693
cell12_01,100,76,0.366242494248375
cell12_01,100,77,0.352193572817326
cell12_01,100,78,0.369010911382013
cell12_01,100,79,0.354000999175839
cell12_01,100,80,0.380046394852653
cell12_01,100,81,0.367524875978095
cell12_01,100,82,0.365466064615492
cell12_01,100,83,0.354506951272676
cell12_01,100,84,0.372240731371257
cell12_01,100,85,0.387183819715585
cell12_01,100,86,0.403918423975129
cell12_01,100,87,0.397681530202794
cell12_01,100,88,0.402616949713453
cell12_01,100,89,0.386136912546657
cell12_01,100,90,0.385847342478656
cell12_01,100,91,0.378394890838448
cell12_01,100,92,0.369367305311861
cell12_01,100,93,0.367356225279149
cell12_01,100,94,0.361310256826376
cell12_01,100,95,0.352562695101811
cell12_01,100,96,0.34153039371983
cell12_01,100,97,0.345708476129562
cell12_01,100,98,0.33916610184593
cell12_01,100,99,0.334421607654832
cell12_01,100,100,0.317410161681925
cell12_01,100,101,0.298591289350504
cell12_01,100,102,0.295065535115939
cell12_01,100,103,0.292144377726652
cell12_01,100,104,0.265118898742757
cell12_01,100,105,0.258974285541544
cell12_01,100,106,0.254548000216382
cell12_01,100,107,0.247728784219386
cell12_01,100,108,0.235659121934455
cell12_01,100,109,0.240855472715181
cell12_01,100,110,0.236254172513755
cell12_01,100,111,0.222163883930134
cell12_01,100,112,0.215201473943467
cell12_01,100,113,0.218864057990384
cell12_01,100,114,0.204668760481004
cell12_01,100,115,0.21001466942872
cell12_01,100,116,0.204668760481004
cell12_01,100,117,0.202683137157567
cell12_01,100,118,0.194562446898895
cell22_01,20,1,-0.006555030888815
cell22_01,20,2,0.00932713028252
cell22_01,20,3,-0.005505241769305
cell22_01,20,4,1.25510285677965
cell22_01,20,5,1.14494471178983
cell22_01,20,6,1.0850411201578
cell22_01,20,7,1.06736693615355
cell22_01,20,8,1.01526705035912
cell22_01,20,9,0.967567257241392
cell22_01,20,10,0.932280400314116
cell22_01,20,11,0.907708773735589
cell22_01,20,12,0.879926268717309
cell22_01,20,13,0.848703243889387
cell22_01,20,14,0.824160322482095
cell22_01,20,15,0.790259515251673
cell22_01,20,16,0.774266634134139
cell22_01,20,17,0.731856794001439
cell22_01,20,18,0.729790021672404
cell22_01,20,19,0.680433530100448
cell22_01,20,20,0.668442970001046
cell22_01,20,21,0.648874244695182
cell22_01,20,22,0.618942952572906
cell22_01,20,23,0.617577406569794
cell22_01,20,24,0.599247104365852
cell22_01,20,25,0.592948369648792
cell22_01,20,26,0.582799041247281
cell22_01,20,27,0.544416126565201
cell22_01,20,28,0.525200064791672
cell22_01,20,29,0.531876067473555
cell22_01,20,30,0.527705616166752
cell22_01,20,31,0.524675170231917
cell22_01,20,32,0.502933053389568
cell22_01,20,33,0.486234845207364
cell22_01,20,34,0.469138865366596
cell22_01,20,35,0.469101958717863
cell22_01,20,36,0.464082654490207
cell22_01,20,37,0.472140606130195
cell22_01,20,38,0.461490987601416
cell22_01,20,39,0.453277207889001
cell22_01,20,40,0.452842529581704
cell22_01,20,41,0.445096234086571
cell22_01,20,42,0.424711461769838
cell22_01,20,43,0.418589058818946
cell22_01,20,44,0.396805934589116
cell22_01,20,45,0.384343789533685
cell22_01,20,46,0.375285257639164
cell22_01,20,47,0.375916771406369
cell22_01,20,48,0.379701753270852
cell22_01,20,49,0.353198678741975
cell22_01,20,50,0.371397757305979
cell22_01,20,51,0.369728756635508
cell22_01,20,52,0.364680747236615
cell22_01,20,53,0.352312919172389
cell22_01,20,54,0.331025984331077
cell22_01,20,55,0.332469444370403
cell22_01,20,56,0.313474822489272
cell22_01,20,57,0.324017821810599
cell22_01,20,58,0.306245220076397
cell22_01,20,59,0.296616685495892
cell22_01,20,60,0.312539854054708
cell22_01,20,61,0.290100611625184
cell22_01,20,62,0.283162161663424
cell22_01,20,63,0.291872130764357
cell22_01,20,64,0.300180227467978
cell22_01,20,65,0.297432732506761
cell22_01,20,66,0.264827758720734
cell22_01,20,67,0.283108852059699
cell22_01,20,68,0.276350834602854
cell22_01,20,69,0.279631425601322
cell22_01,20,70,0.277474437019829
cell22_01,20,71,0.252972523000018
cell22_01,20,72,0.279988189872406
cell22_01,20,73,0.266168700291358
cell22_01,20,74,0.284794255685162
cell22_01,20,75,0.273652548506613
cell22_01,20,76,0.257138873568073
cell22_01,20,77,0.246124289290716
cell22_01,20,78,0.246743500841677
cell22_01,20,79,0.256208005872258
cell22_01,20,80,0.255658506880014
cell22_01,20,81,0.224611813818259
cell22_01,20,82,0.244586512260184
cell22_01,20,83,0.222807488769102
cell22_01,20,84,0.245443566658534
cell22_01,20,85,0.241478152289135
cell22_01,20,86,0.252447628440264
cell22_01,20,87,0.234281355786245
cell22_01,20,88,0.23508510058087
cell22_01,20,89,0.225526278559082
cell22_01,20,90,0.226826212742226
cell22_01,20,91,0.216049471312257
cell22_01,20,92,0.223717852771177
cell22_01,20,93,0.216475948142058
cell22_01,20,94,0.205121002548609
cell22_01,20,95,0.206593167759172
cell22_01,20,96,0.202053649965041
cell22_01,20,97,0.212526936727652
cell22_01,20,98,0.217624154991522
cell22_01,20,99,0.198490107992955
cell22_01,20,100,0.20824576547465
cell22_01,20,101,0.18492076347554
cell22_01,20,102,0.208368787637093
cell22_01,20,103,0.207072954192698
cell22_01,20,104,0.185753213441402
cell22_01,20,105,0.203369987103177
cell22_01,20,106,0.17464021143409
cell22_01,20,107,0.183944787653496
cell22_01,20,108,0.183665937418626
cell22_01,20,109,0.199449680860007
cell22_01,20,110,0.183136942120123
cell22_01,20,111,0.19875665601158
cell22_01,20,112,0.191092375291409
cell22_01,20,113,0.196218298726516
cell22_01,20,114,0.209623613694007
cell22_01,20,115,0.183448598264977
cell22_01,20,116,0.180217216131486
cell22_01,20,117,0.187696963607994
cell22_01,20,118,0.196415134186424
cell29_01,2,1,0.010620068917469
cell29_01,2,2,0.01837799160186
cell29_01,2,3,0.006138550473572
cell29_01,2,4,0.086567370277616
cell29_01,2,5,0.09467050796819
cell29_01,2,6,0.091933894464634
cell29_01,2,7,0.083294104355358
cell29_01,2,8,0.086379071183334
cell29_01,2,9,0.091673414050879
cell29_01,2,10,0.080915259130937
cell29_01,2,11,0.091927617828158
cell29_01,2,12,0.10000251065459
cell29_01,2,13,0.091833468281018
cell29_01,2,14,0.063387751771581
cell29_01,2,15,0.097143502739752
cell29_01,2,16,0.086159388906673
cell29_01,2,17,0.067178840203112
cell29_01,2,18,0.06378631818781
cell29_01,2,19,0.068471827317177
cell29_01,2,20,0.051418206011763
cell29_01,2,21,0.060045442848087
cell29_01,2,22,0.072583024208987
cell29_01,2,23,0.068732307730933
cell29_01,2,24,0.078988331732791
cell29_01,2,25,0.065490424991056
cell29_01,2,26,0.041579578335562
cell29_01,2,27,0.066883838288738
cell29_01,2,28,0.058319367817174
cell29_01,2,29,0.053166249270341
cell29_01,2,30,0.040220686538498
cell29_01,2,31,0.060695074723357
cell29_01,2,32,0.05442157656555
cell29_01,2,33,0.071359080096158
cell29_01,2,34,0.039244669566473
cell29_01,2,35,0.037236145894138
cell29_01,2,36,0.043337036548854
cell29_01,2,37,0.054889185983016
cell29_01,2,38,0.045973223868793
cell29_01,2,39,0.039596161209131
cell29_01,2,40,0.050765435818254
cell29_01,2,41,0.027557572448077
cell29_01,2,42,0.012732157091658
cell29_01,2,43,0.040396432359827
cell29_01,2,44,0.050005962804652
cell29_01,2,45,0.038890039605576
cell29_01,2,46,0.041654897973274
cell29_01,2,47,0.03807407686369
cell29_01,2,48,0.040292867857972
cell29_01,2,49,0.026540757338957
cell29_01,2,50,0.030055673765543
cell29_01,2,51,0.02356876996755
cell29_01,2,52,0.04883537010187
cell29_01,2,53,0.02993327935426
cell29_01,2,54,0.024755054261522
cell29_01,2,55,0.039530256526133
cell29_01,2,56,0.024610691622573
cell29_01,2,57,0.032469040490582
cell29_01,2,58,0.025087715994753
cell29_01,2,59,0.016523245523189
cell29_01,2,60,0.016350638020098
cell29_01,2,61,0.024281168207581
cell29_01,2,62,0.025191280496608
cell29_01,2,63,0.038488334871109
cell29_01,2,64,0.018224214008197
cell29_01,2,65,0.017938627048537
cell29_01,2,66,-0.011404648476974
cell29_01,2,67,0.019388530074504
cell29_01,2,68,0.012101355125815
cell29_01,2,69,0.003671832338487
cell29_01,2,70,0.011467414841735
cell29_01,2,71,0.029255402614847
cell29_01,2,72,0.003041030372644
cell29_01,2,73,-0.000200852367234
cell29_01,2,74,0.01741138958455
cell29_01,2,75,0.018145756052247
cell29_01,2,76,0.004600774536941
cell29_01,2,77,0.000169469184853
cell29_01,2,78,0.012565826225043
cell29_01,2,79,0.013127585189649
cell29_01,2,80,-0.003637310837868
cell29_01,2,81,0.000750058058887
cell29_01,2,82,0.009179580846216
cell29_01,2,83,0.011009220378983
cell29_01,2,84,-0.007070630990265
cell29_01,2,85,0.002394536815611
cell29_01,2,86,-0.028404918372343
cell29_01,2,87,0.021494341612217
cell29_01,2,88,-0.034421074434632
cell29_01,2,89,-0.009979851996912
cell29_01,2,90,-0.009305113575737
cell29_01,2,91,0.000969740335549
cell29_01,2,92,-0.024438084119482
cell29_01,2,93,-0.028950985745759
cell29_01,2,94,-0.02917066802242
cell29_01,2,95,-0.010290545502476
cell29_01,2,96,-0.029754395214692
cell29_01,2,97,-0.019987948857966
cell29_01,2,98,-0.030463655136486
cell29_01,2,99,-0.034800810941433
cell29_01,2,100,-0.029503329755651
cell29_01,2,101,-0.036087521419022
cell29_01,2,102,-0.014863075175275
cell29_01,2,103,-0.046469078150401
cell29_01,2,104,-0.032905266725667
cell29_01,2,105,-0.057016965748395
cell29_01,2,106,-0.039009295698621
cell29_01,2,107,-0.026791822797999
cell29_01,2,108,-0.036222469103257
cell29_01,2,109,-0.033215960231231
cell29_01,2,110,-0.045059973261529
cell29_01,2,111,-0.034314371614539
cell29_01,2,112,-0.040600423045299
cell29_01,2,113,-0.062361521707747
cell29_01,2,114,-0.030225142950396
cell29_01,2,115,-0.058319367817174
cell29_01,2,116,-0.050498678768022
cell29_01,2,117,-0.049522661795997
cell29_01,2,118,-0.06722905329492
cell25_01,30,1,-0.010419152614393
cell25_01,30,2,-0.009950581784527
cell25_01,30,3,-0.006915057712792
cell25_01,30,4,2.96787815994272
cell25_01,30,5,2.50523868008545
cell25_01,30,6,2.2054843159739
cell25_01,30,7,2.01310834172492
cell25_01,30,8,1.85259518390677
cell25_01,30,9,1.73644200490108
cell25_01,30,10,1.6360718048417
cell25_01,30,11,1.54254972380514
cell25_01,30,12,1.50438302900483
cell25_01,30,13,1.41971140693485
cell25_01,30,14,1.35326748118441
cell25_01,30,15,1.30495520928527
cell25_01,30,16,1.23453570742554
cell25_01,30,17,1.19667169191905
cell25_01,30,18,1.15604863823422
cell25_01,30,19,1.12395008119954
cell25_01,30,20,1.09095221741686
cell25_01,30,21,1.04972380514438
cell25_01,30,22,1.00872822309792
cell25_01,30,23,0.981891629171299
cell25_01,30,24,0.957671464909575
cell25_01,30,25,0.926780714672379
cell25_01,30,26,0.907356853066665
cell25_01,30,27,0.874146531702746
cell25_01,30,28,0.850581202451702
cell25_01,30,29,0.839611988428338
cell25_01,30,30,0.805927275478903
cell25_01,30,31,0.800711878416056
cell25_01,30,32,0.784902706069302
cell25_01,30,33,0.745426341247621
cell25_01,30,34,0.758752961309437
cell25_01,30,35,0.720449478751331
cell25_01,30,36,0.710126368605172
cell25_01,30,37,0.68529211462232
cell25_01,30,38,0.676313599031426
cell25_01,30,39,0.658248883870104
cell25_01,30,40,0.653947345444386
cell25_01,30,41,0.632183540067172
cell25_01,30,42,0.621735283674527
cell25_01,30,43,0.604825988509828
cell25_01,30,44,0.593763642396056
cell25_01,30,45,0.594616383098854
cell25_01,30,46,0.563946821576377
cell25_01,30,47,0.541085803759044
cell25_01,30,48,0.556001490113446
cell25_01,30,49,0.538280199535503
cell25_01,30,50,0.542814568187242
cell25_01,30,51,0.530724858701156
cell25_01,30,52,0.51617296957491
cell25_01,30,53,0.499467400857979
cell25_01,30,54,0.497689160006752
cell25_01,30,55,0.48966524834254
cell25_01,30,56,0.481012695068074
cell25_01,30,57,0.483137270880506
cell25_01,30,58,0.472304844614928
cell25_01,30,59,0.458631889591907
cell25_01,30,60,0.446908887711803
cell25_01,30,61,0.436236532226614
cell25_01,30,62,0.439685329949534
cell25_01,30,63,0.428340677186712
cell25_01,30,64,0.422257987531941
cell25_01,30,65,0.42183598274728
cell25_01,30,66,0.411844655673199
cell25_01,30,67,0.406344041583478
cell25_01,30,68,0.399428983870686
cell25_01,30,69,0.409597843992107
cell25_01,30,70,0.392694369583059
cell25_01,30,71,0.390724043795365
cell25_01,30,72,0.380942263924703
cell25_01,30,73,0.375010913916845
cell25_01,30,74,0.369111578065064
cell25_01,30,75,0.359588821820849
cell25_01,30,76,0.353526504810855
cell25_01,30,77,0.363477086595382
cell25_01,30,78,0.367985261846693
cell25_01,30,79,0.352161537610813
cell25_01,30,80,0.353389717053068
cell25_01,30,81,0.341087549985739
cell25_01,30,82,0.344259861815261
cell25_01,30,83,0.333540940284868
cell25_01,30,84,0.324242283133196
cell25_01,30,85,0.330022293494141
cell25_01,30,86,0.315208470363623
cell25_01,30,87,0.316739329099704
cell25_01,30,88,0.323613641522942
cell25_01,30,89,0.308142073003917
cell25_01,30,90,0.305266619712571
cell25_01,30,91,0.310563507354525
cell25_01,30,92,0.312696814300432
cell25_01,30,93,0.306878969027759
cell25_01,30,94,0.298051793083778
cell25_01,30,95,0.300091967939278
cell25_01,30,96,0.288625079307796
cell25_01,30,97,0.272193086106438
cell25_01,30,98,0.270988189686785
cell25_01,30,99,0.273942223179413
cell25_01,30,100,0.256619654363529
cell25_01,30,101,0.26398291026141
cell25_01,30,102,0.278680318278919
cell25_01,30,103,0.265286759527122
cell25_01,30,104,0.268226241130623
cell25_01,30,105,0.265924132270851
cell25_01,30,106,0.265438099174035
cell25_01,30,107,0.247777926530422
cell25_01,30,108,0.244110850470608
cell25_01,30,109,0.242379175664585
cell25_01,30,110,0.253246526464066
cell25_01,30,111,0.243569520195112
cell25_01,30,112,0.24279244931577
cell25_01,30,113,0.240539816879027
cell25_01,30,114,0.232504263703514
cell25_01,30,115,0.236060745405969
cell25_01,30,116,0.2320531551406
cell25_01,30,117,0.225522267300741
cell25_01,30,118,0.231197504059977
cell19_01,10,1,-0.001323857659645
cell19_01,10,2,0.007004130641147
cell19_01,10,3,-0.015055032455038
cell19_01,10,4,0.693157503142879
cell19_01,10,5,0.652353952330862
cell19_01,10,6,0.608456269081766
cell19_01,10,7,0.573399697257357
cell19_01,10,8,0.58929625163558
cell19_01,10,9,0.563706801447007
cell19_01,10,10,0.5295071452395
cell19_01,10,11,0.533622392693127
cell19_01,10,12,0.515062729301896
cell19_01,10,13,0.501136567719424
cell19_01,10,14,0.489129486620315
cell19_01,10,15,0.480303768889345
cell19_01,10,16,0.447705056828386
cell19_01,10,17,0.429586679323704
cell19_01,10,18,0.449485594068297
cell19_01,10,19,0.459686481771301
cell19_01,10,20,0.4291248685122
cell19_01,10,21,0.419857864894682
cell19_01,10,22,0.430638581727686
cell19_01,10,23,0.413253970290171
cell19_01,10,24,0.414536778099905
cell19_01,10,25,0.399415039638761
cell19_01,10,26,0.379900967237089
cell19_01,10,27,0.394730225517613
cell19_01,10,28,0.379280088257177
cell19_01,10,29,0.40140082612823
cell19_01,10,30,0.372640275033994
cell19_01,10,31,0.351114759986659
cell19_01,10,32,0.353305795725684
cell19_01,10,33,0.33568001641994
cell19_01,10,34,0.348425994817457
cell19_01,10,35,0.320378684865433
cell19_01,10,36,0.340842035046309
cell19_01,10,37,0.335433717320471
cell19_01,10,38,0.321394668650743
cell19_01,10,39,0.309213125689509
cell19_01,10,40,0.293757857197835
cell19_01,10,41,0.298642789337302
cell19_01,10,42,0.319691099879416
cell19_01,10,43,0.283356851476512
cell19_01,10,44,0.284757677604741
cell19_01,10,45,0.291171716653411
cell19_01,10,46,0.283136208533238
cell19_01,10,47,0.276239833748108
cell19_01,10,48,0.254509069451215
cell19_01,10,49,0.263262949944839
cell19_01,10,50,0.253554660440773
cell19_01,10,51,0.258259999486877
cell19_01,10,52,0.26379146676245
cell19_01,10,53,0.281211996818637
cell19_01,10,54,0.237288657413346
cell19_01,10,55,0.274043666777843
cell19_01,10,56,0.243666777843344
cell19_01,10,57,0.243097211175822
cell19_01,10,58,0.263673448443954
cell19_01,10,59,0.222336249583088
cell19_01,10,60,0.258285655643072
cell19_01,10,61,0.248772352926085
cell19_01,10,62,0.236785796751931
cell19_01,10,63,0.246586448418298
cell19_01,10,64,0.241917027990866
cell19_01,10,65,0.231690484131667
cell19_01,10,66,0.232131770018216
cell19_01,10,67,0.228144803345563
cell19_01,10,68,0.218118377504682
cell19_01,10,69,0.219765502732381
cell19_01,10,70,0.22975087872335
cell19_01,10,71,0.221140672704415
cell19_01,10,72,0.22251584267645
cell19_01,10,73,0.210349693408933
cell19_01,10,74,0.221782076609282
cell19_01,10,75,0.201421351053185
cell19_01,10,76,0.207127280190882
cell19_01,10,77,0.212361136054596
cell19_01,10,78,0.226117967006183
cell19_01,10,79,0.193519254945224
cell19_01,10,80,0.202129460964158
cell19_01,10,81,0.21374143725787
cell19_01,10,82,0.181019575647177
cell19_01,10,83,0.197701208404957
cell19_01,10,84,0.2066552069169
cell19_01,10,85,0.197372809605665
cell19_01,10,86,0.20742489160274
cell19_01,10,87,0.185001411088591
cell19_01,10,88,0.206906637247608
cell19_01,10,89,0.18669471739744
cell19_01,10,90,0.191790030017703
cell19_01,10,91,0.191189675962747
cell19_01,10,92,0.195715421915489
cell19_01,10,93,0.205105575082741
cell19_01,10,94,0.204094722528671
cell19_01,10,95,0.201508581984247
cell19_01,10,96,0.20453087718398
cell19_01,10,97,0.199476614413629
cell19_01,10,98,0.219226723452292
cell19_01,10,99,0.18254868255638
cell19_01,10,100,0.197968032429382
cell19_01,10,101,0.186720373553634
cell19_01,10,102,0.204920850758139
cell19_01,10,103,0.171998871129127
cell19_01,10,104,0.185709520999564
cell19_01,10,105,0.182127921594787
cell19_01,10,106,0.188972984067527
cell19_01,10,107,0.191184544731508
cell19_01,10,108,0.188742078661775
cell19_01,10,109,0.20106216486646
cell19_01,10,110,0.198568386484337
cell19_01,10,111,0.193837391282038
cell19_01,10,112,0.185175872950715
cell19_01,10,113,0.192646945634605
cell19_01,10,114,0.183975164840804
cell19_01,10,115,0.19836313723478
cell19_01,10,116,0.165005002950458
cell19_01,10,117,0.168550683736563
cell19_01,10,118,0.190861277163455
cell20_01,20,1,-0.009171630693588
cell20_01,20,2,-0.012036869898083
cell20_01,20,3,-0.000575913080103
cell20_01,20,4,2.30477835942134
cell20_01,20,5,1.96752824409546
cell20_01,20,6,1.78716716665091
cell20_01,20,7,1.71485999008627
cell20_01,20,8,1.61292050966875
cell20_01,20,9,1.54499714908699
cell20_01,20,10,1.48410508551306
cell20_01,20,11,1.41467460910974
cell20_01,20,12,1.33892914549971
cell20_01,20,13,1.32074060702958
cell20_01,20,14,1.26465068436238
cell20_01,20,15,1.17877373492526
cell20_01,20,16,1.16597184615958
cell20_01,20,17,1.10827738953787
cell20_01,20,18,1.06179747916255
cell20_01,20,19,1.01697367704743
cell20_01,20,20,0.958293578139371
cell20_01,20,21,0.945382810283917
cell20_01,20,22,0.915784889301484
cell20_01,20,23,0.875046918291974
cell20_01,20,24,0.835856176452892
cell20_01,20,25,0.844514929328875
cell20_01,20,26,0.809484514814719
cell20_01,20,27,0.772534390033552
cell20_01,20,28,0.74712544876809
cell20_01,20,29,0.72477658297303
cell20_01,20,30,0.719458699009487
cell20_01,20,31,0.670864242101252
cell20_01,20,32,0.658813046007146
cell20_01,20,33,0.661901773869592
cell20_01,20,34,0.644595729074442
cell20_01,20,35,0.623736787665718
cell20_01,20,36,0.61856789614081
cell20_01,20,37,0.579056247510823
cell20_01,20,38,0.544753603754609
cell20_01,20,39,0.540650581213773
cell20_01,20,40,0.544455618877342
cell20_01,20,41,0.521098188882299
cell20_01,20,42,0.535762483130904
cell20_01,20,43,0.485798441882921
cell20_01,20,44,0.499219222316775
cell20_01,20,45,0.460807825541315
cell20_01,20,46,0.474990759603566
cell20_01,20,47,0.444710911690463
cell20_01,20,48,0.437914564297401
cell20_01,20,49,0.43746185650309
cell20_01,20,50,0.428424892052113
cell20_01,20,51,0.398185157487873
cell20_01,20,52,0.403554615757097
cell20_01,20,53,0.402368406726436
cell20_01,20,54,0.3672233826441
cell20_01,20,55,0.374311984436021
cell20_01,20,56,0.374449515917836
cell20_01,20,57,0.358106191495397
cell20_01,20,58,0.347946053276258
cell20_01,20,59,0.342553673093398
cell20_01,20,60,0.347132325342181
cell20_01,20,61,0.324943912942572
cell20_01,20,62,0.342645360747942
cell20_01,20,63,0.315798069401824
cell20_01,20,64,0.319912552899479
cell20_01,20,65,0.300102289039601
cell20_01,20,66,0.290715765405675
cell20_01,20,67,0.303448888430451
cell20_01,20,68,0.290985097890897
cell20_01,20,69,0.307660790061058
cell20_01,20,70,0.278166017689987
cell20_01,20,71,0.27372489692302
cell20_01,20,72,0.276292151250247
cell20_01,20,73,0.2660632472902
cell20_01,20,74,0.269862554475361
cell20_01,20,75,0.262963058470937
cell20_01,20,76,0.254842970565398
cell20_01,20,77,0.282051282051282
cell20_01,20,78,0.22164057866371
cell20_01,20,79,0.229485603605617
cell20_01,20,80,0.220460100111458
cell20_01,20,81,0.229393915951073
cell20_01,20,82,0.221394168092123
cell20_01,20,83,0.229084470116988
cell20_01,20,84,0.228408273664727
cell20_01,20,85,0.222597568558011
cell20_01,20,86,0.205967720215122
cell20_01,20,87,0.210317153327546
cell20_01,20,88,0.216116397477443
cell20_01,20,89,0.196363438401655
cell20_01,20,90,0.192002544332414
cell20_01,20,91,0.202042342504964
cell20_01,20,92,0.198202921970941
cell20_01,20,93,0.208368790668489
cell20_01,20,94,0.194478111005097
cell20_01,20,95,0.179561675706497
cell20_01,20,96,0.183630315376879
cell20_01,20,97,0.171023262877101
cell20_01,20,98,0.171647885023681
cell20_01,20,99,0.173785353470235
cell20_01,20,100,0.167814194968067
cell20_01,20,101,0.168736801991914
cell20_01,20,102,0.158198452197782
cell20_01,20,103,0.165791336089694
cell20_01,20,104,0.153178553111507
cell20_01,20,105,0.14975745750134
cell20_01,20,106,0.155247255817152
cell20_01,20,107,0.151889195469484
cell20_01,20,108,0.143448200773042
cell20_01,20,109,0.136806576297022
cell20_01,20,110,0.131666337164158
cell20_01,20,111,0.151711550638805
cell20_01,20,112,0.138302231161769
cell20_01,20,113,0.138594485560627
cell20_01,20,114,0.134285165797067
cell20_01,20,115,0.130061803209641
cell20_01,20,116,0.15225021560925
cell20_01,20,117,0.119672445854142
cell20_01,20,118,0.132749397583457
cell17_01,10,1,-0.001747384023335
cell17_01,10,2,0.001992153769794
cell17_01,10,3,0.010987441952175
cell17_01,10,4,0.725531524303596
cell17_01,10,5,0.708030487431753
cell17_01,10,6,0.652556144060594
cell17_01,10,7,0.638420691202567
cell17_01,10,8,0.590880967112465
cell17_01,10,9,0.607872067012517
cell17_01,10,10,0.565363721044079
cell17_01,10,11,0.541927017820597
cell17_01,10,12,0.539887269933436
cell17_01,10,13,0.549038938787166
cell17_01,10,14,0.515294709573897
cell17_01,10,15,0.510161344057875
cell17_01,10,16,0.479714707262183
cell17_01,10,17,0.462247666188459
cell17_01,10,18,0.415415054699239
cell17_01,10,19,0.415510242933973
cell17_01,10,20,0.418053128633301
cell17_01,10,21,0.405229913582681
cell17_01,10,22,0.388966323762383
cell17_01,10,23,0.387790069147453
cell17_01,10,24,0.38242553220422
cell17_01,10,25,0.376469468373709
cell17_01,10,26,0.356704311347117
cell17_01,10,27,0.342453272775485
cell17_01,10,28,0.347355466864295
cell17_01,10,29,0.328277024959715
cell17_01,10,30,0.328671376217899
cell17_01,10,31,0.303072540234027
cell17_01,10,32,0.327399933368236
cell17_01,10,33,0.289039074770358
cell17_01,10,34,0.303412498215221
cell17_01,10,35,0.296586141952855
cell17_01,10,36,0.274903621912332
cell17_01,10,37,0.273944940405366
cell17_01,10,38,0.262291180810052
cell17_01,10,39,0.259510324523889
cell17_01,10,40,0.268226847161691
cell17_01,10,41,0.275508747118856
cell17_01,10,42,0.248373301059989
cell17_01,10,43,0.264249338781727
cell17_01,10,44,0.260965344683397
cell17_01,10,45,0.251670893477566
cell17_01,10,46,0.251480517008098
cell17_01,10,47,0.259585115279751
cell17_01,10,48,0.249114409458991
cell17_01,10,49,0.233823099464906
cell17_01,10,50,0.246374348130571
cell17_01,10,51,0.218715366780666
cell17_01,10,52,0.231565778469781
cell17_01,10,53,0.198107113960714
cell17_01,10,54,0.224202288597129
cell17_01,10,55,0.205280227363898
cell17_01,10,56,0.202125417298422
cell17_01,10,57,0.190131699721914
cell17_01,10,58,0.199147385383167
cell17_01,10,59,0.207279180293316
cell17_01,10,60,0.194666739191036
cell17_01,10,61,0.207863908020969
cell17_01,10,62,0.19500669717223
cell17_01,10,63,0.196420922373995
cell17_01,10,64,0.192681384580866
cell17_01,10,65,0.207149996260462
cell17_01,10,66,0.189336198045922
cell17_01,10,67,0.160970104095134
cell17_01,10,68,0.189954921571694
cell17_01,10,69,0.202043827382936
cell17_01,10,70,0.183611305642623
cell17_01,10,71,0.194850316500881
cell17_01,10,72,0.165994683057174
cell17_01,10,73,0.172848235958036
cell17_01,10,74,0.198576255974761
cell17_01,10,75,0.132998361402531
cell17_01,10,76,0.158175649489723
cell17_01,10,77,0.149391135255682
cell17_01,10,78,0.155258810011083
cell17_01,10,79,0.157053788151784
cell17_01,10,80,0.168374388925529
cell17_01,10,81,0.135214887439912
cell17_01,10,82,0.147358186528145
cell17_01,10,83,0.150995736926916
cell17_01,10,84,0.157781298231538
cell17_01,10,85,0.142965929411125
cell17_01,10,86,0.150961741128796
cell17_01,10,87,0.151736845325918
cell17_01,10,88,0.143496263861787
cell17_01,10,89,0.150241030208666
cell17_01,10,90,0.126783929506313
cell17_01,10,91,0.140429842871421
cell17_01,10,92,0.145631199983682
cell17_01,10,93,0.130169910999001
cell17_01,10,94,0.135704426932831
cell17_01,10,95,0.131373362252426
cell17_01,10,96,0.127824200928765
cell17_01,10,97,0.124696587501785
cell17_01,10,98,0.133916247951753
cell17_01,10,99,0.11379753462472
cell17_01,10,100,0.104509882578513
cell17_01,10,101,0.106719609456271
cell17_01,10,102,0.120263535427021
cell17_01,10,103,0.110554335484134
cell17_01,10,104,0.085424641514309
cell17_01,10,105,0.103048063259381
cell17_01,10,106,0.092244198617051
cell17_01,10,107,0.08282736253799
cell17_01,10,108,0.083758847406461
cell17_01,10,109,0.105890111982159
cell17_01,10,110,0.086492109575257
cell17_01,10,111,0.086390122180898
cell17_01,10,112,0.07789117265106
cell17_01,10,113,0.067468060947667
cell17_01,10,114,0.069215444971002
cell17_01,10,115,0.071799125628072
cell17_01,10,116,0.078727469284797
cell17_01,10,117,0.068134378590806
cell17_01,10,118,0.066176220619132
cell23_01,30,1,0.00382477834686
cell23_01,30,2,0.009734337791704
cell23_01,30,3,0.005407568452099
cell23_01,30,4,2.86543425793762
cell23_01,30,5,2.55213113934091
cell23_01,30,6,2.3267639802705
cell23_01,30,7,2.15360031155598
cell23_01,30,8,2.01814849286583
cell23_01,30,9,1.88993177567255
cell23_01,30,10,1.81686975566794
cell23_01,30,11,1.71597492546059
cell23_01,30,12,1.64529602283791
cell23_01,30,13,1.56624583981664
cell23_01,30,14,1.50484215866846
cell23_01,30,15,1.44061232182446
cell23_01,30,16,1.41198633012428
cell23_01,30,17,1.35121147755064
cell23_01,30,18,1.30606444421022
cell23_01,30,19,1.24955919474214
cell23_01,30,20,1.20499811530072
cell23_01,30,21,1.1626379358702
cell23_01,30,22,1.11407879293497
cell23_01,30,23,1.10223109092825
cell23_01,30,24,1.05029914018411
cell23_01,30,25,1.01791089570557
cell23_01,30,26,0.997959880022366
cell23_01,30,27,0.960898295910292
cell23_01,30,28,0.930021383744424
cell23_01,30,29,0.92939612805951
cell23_01,30,30,0.882952135784097
cell23_01,30,31,0.866852695119969
cell23_01,30,32,0.844486406048188
cell23_01,30,33,0.836751100003395
cell23_01,30,34,0.813931053948847
cell23_01,30,35,0.778366510590938
cell23_01,30,36,0.755035541319575
cell23_01,30,37,0.74157289320097
cell23_01,30,38,0.706608595300578
cell23_01,30,39,0.719563893091997
cell23_01,30,40,0.673988112996207
cell23_01,30,41,0.685692899417798
cell23_01,30,42,0.68310255443744
cell23_01,30,43,0.649953284468113
cell23_01,30,44,0.659485753995831
cell23_01,30,45,0.626765230781873
cell23_01,30,46,0.623553203006229
cell23_01,30,47,0.60663557061727
cell23_01,30,48,0.619094236750386
cell23_01,30,49,0.606674872403179
cell23_01,30,50,0.586566649576345
cell23_01,30,51,0.574715374680003
cell23_01,30,52,0.564779168624312
cell23_01,30,53,0.560738230454954
cell23_01,30,54,0.537071409558552
cell23_01,30,55,0.554782223444944
cell23_01,30,56,0.534009443147287
cell23_01,30,57,0.527463909348644
cell23_01,30,58,0.522669091467761
cell23_01,30,59,0.509949604391796
cell23_01,30,60,0.513511775350992
cell23_01,30,61,0.507684392367593
cell23_01,30,62,0.486379251515352
cell23_01,30,63,0.494475419412581
cell23_01,30,64,0.4880013434065
cell23_01,30,65,0.483653136729127
cell23_01,30,66,0.449617790132036
cell23_01,30,67,0.444905148712599
cell23_01,30,68,0.458035518095793
cell23_01,30,69,0.434979661325792
cell23_01,30,70,0.429227309024583
cell23_01,30,71,0.427305094404676
cell23_01,30,72,0.442675665584677
cell23_01,30,73,0.409912267695183
cell23_01,30,74,0.417840509779892
cell23_01,30,75,0.40792574106197
cell23_01,30,76,0.406632355016605
cell23_01,30,77,0.384008817891602
cell23_01,30,78,0.380146524203648
cell23_01,30,79,0.378756670138324
cell23_01,30,80,0.388131932522406
cell23_01,30,81,0.386913577159231
cell23_01,30,82,0.362882321520765
cell23_01,30,83,0.351527678282726
cell23_01,30,84,0.365629873644759
cell23_01,30,85,0.363779116817413
cell23_01,30,86,0.35364282894255
cell23_01,30,87,0.349448256519184
cell23_01,30,88,0.339565643807914
cell23_01,30,89,0.359441628808924
cell23_01,30,90,0.351524105393098
cell23_01,30,91,0.353746442741764
cell23_01,30,92,0.34480350000268
cell23_01,30,93,0.340748270274809
cell23_01,30,94,0.329236419893135
cell23_01,30,95,0.333688240369723
cell23_01,30,96,0.335145979337979
cell23_01,30,97,0.33373111504526
cell23_01,30,98,0.320139842900043
cell23_01,30,99,0.325066857697166
cell23_01,30,100,0.304883604188141
cell23_01,30,101,0.312865439617272
cell23_01,30,102,0.308510087160643
cell23_01,30,103,0.321229574236608
cell23_01,30,104,0.306730788125859
cell23_01,30,105,0.309982117687411
cell23_01,30,106,0.309303268658076
cell23_01,30,107,0.302343279662576
cell23_01,30,108,0.29091003285272
cell23_01,30,109,0.29252855185424
cell23_01,30,110,0.303500895902074
cell23_01,30,111,0.302661266839476
cell23_01,30,112,0.277265167363082
cell23_01,30,113,0.292968017278494
cell23_01,30,114,0.278426356492208
cell23_01,30,115,0.278922988150512
cell23_01,30,116,0.2887698719655
cell23_01,30,117,0.273449321240293
cell23_01,30,118,0.264845803015876
