cell,stimul,frame,time,mask,int,delta,rel
cell3_01_27,20,1,-3.8,cell,2171.278,0.00815858500330658,2171.278
cell3_01_27,20,1,-3.8,up,1720.824,-0.00815957203443243,0.7925396932129374
cell3_01_27,20,1,-3.8,down,2276.162,0.004664649064629397,1.04830519168895
cell3_01_27,20,2,-3.6,cell,2165.515,0.005482733304273119,2165.515
cell3_01_27,20,2,-3.6,up,1683.084,-0.029911975389697424,0.7772211229199522
cell3_01_27,20,2,-3.6,down,2283.82,0.008044778371127482,1.0546313463541006
cell3_01_27,20,3,-3.4,cell,2143.938,-0.004535807752476002,2143.938
cell3_01_27,20,3,-3.4,up,1778.941,0.025337630556927785,0.8297539387799461
cell3_01_27,20,3,-3.4,down,2262.087,-0.0015478502810166845,1.0551084033213647
cell3_01_27,20,4,-3.2,cell,2160.007,0.002925282122896058,2160.007
cell3_01_27,20,4,-3.2,up,1762.714,0.01598478876450895,0.8160686516293697
cell3_01_27,20,4,-3.2,down,2277.911,0.005436632109427742,1.0545850082893249
cell3_01_27,20,5,-3.0,cell,2148.398,-0.0024649594828786564,2148.398
cell3_01_27,20,5,-3.0,up,1704.437,-0.017604633872872574,0.7933525352378842
cell3_01_27,20,5,-3.0,down,2258.006,-0.0033491440522126206,1.0510184798161233
cell3_01_27,20,6,-2.8,cell,2146.737,-0.003236187952789258,2146.737
cell3_01_27,20,6,-2.8,up,1769.311,0.019787136537023062,0.824186195141743
cell3_01_27,20,6,-2.8,down,2260.949,-0.0020501468533324807,1.0532026046972685
cell3_01_27,20,7,-2.6,cell,2153.147,-0.0002599239599375599,2153.147
cell3_01_27,20,7,-2.6,up,1740.597,0.003237096527932507,0.808396732782295
cell3_01_27,20,7,-2.6,down,2262.607,-0.0013183298789040101,1.0508372164092836
cell3_01_27,20,8,-2.4,cell,2143.88,-0.0045627380662958735,2143.88
cell3_01_27,20,8,-2.4,up,1713.168,-0.01257230123654988,0.7990969643823348
cell3_01_27,20,8,-2.4,down,2247.426,-0.008019001464428318,1.0482984122245647
cell3_01_27,20,9,-2.2,cell,2158.647,0.0022938126953954683,2158.647
cell3_01_27,20,9,-2.2,up,1736.983,0.0011540762384272501,0.8046628281511521
cell3_01_27,20,9,-2.2,down,2272.045,0.00284746541944122,1.0525319795223582
cell3_01_27,20,10,-2.0,cell,2145.521,-0.0038007959114955657,2145.521
cell3_01_27,20,10,-2.0,up,1739.748,0.0027477539087322283,0.8108743750352478
cell3_01_27,20,10,-2.0,down,2254.925,-0.004709052434730121,1.0509918103807887
cell3_01_27,20,11,-1.8,cell,2146.132,-0.0035170989848758993,2146.132
cell3_01_27,20,11,-1.8,up,1742.235,0.0041811992490751225,0.8118023495292926
cell3_01_27,20,11,-1.8,down,2248.917,-0.0073608958499090755,1.0478931398441476
cell3_01_27,20,12,-1.6,cell,2146.487,-0.003352266891668032,2146.487
cell3_01_27,20,12,-1.6,up,1742.269,0.004200796008854701,0.81168392820455
cell3_01_27,20,12,-1.6,down,2253.232,-0.005456317897762466,1.0497300938696577
cell3_01_27,20,13,-1.4,cell,2150.892,-0.001306955988624152,2150.892
cell3_01_27,20,13,-1.4,up,1659.874,-0.04328964581565665,0.7717142469263916
cell3_01_27,20,13,-1.4,down,2269.411,0.0016848563056627416,1.05510225525038
cell3_01_27,20,14,-1.2,cell,2148.283,-0.0025183557947630023,2148.283
cell3_01_27,20,14,-1.2,up,1747.294,0.007097081829209989,0.8133444243612226
cell3_01_27,20,14,-1.2,down,2268.189,0.0011454833606978465,1.055814806522232
cell3_01_27,20,15,-1.0,cell,2140.097,-0.006319244569409436,2140.097
cell3_01_27,20,15,-1.0,up,1586.025,-0.08585438443205735,0.7410995856729858
cell3_01_27,20,15,-1.0,down,2297.928,0.014271843434599902,1.0737494608889222
cell3_01_27,20,16,-0.8,cell,2129.018,-0.011463398824761268,2129.018
cell3_01_27,20,16,-0.8,up,1586.815,-0.0853990479548274,0.745327188403292
cell3_01_27,20,16,-0.8,down,2285.098,0.008608868897858174,1.073310793990469
cell3_01_27,20,17,-0.6,cell,2141.303,-0.0057592797682583805,2141.303
cell3_01_27,20,17,-0.6,up,1610.303,-0.07186114519890623,0.7520201484796875
cell3_01_27,20,17,-0.6,down,2306.639,0.018116751555376117,1.0772127998699859
cell3_01_27,20,18,-0.4,cell,2137.377,-0.007582183424410616,2137.377
cell3_01_27,20,18,-0.4,up,1602.008,-0.07664217820982103,0.7495205572063328
cell3_01_27,20,18,-0.4,down,2282.358,0.007399472932879906,1.0678312716942309
cell3_01_27,20,19,-0.2,cell,2141.478,-0.005678024511043154,2141.478
cell3_01_27,20,19,-0.2,up,1716.025,-0.01092559703978262,0.8013274009819387
cell3_01_27,20,19,-0.2,down,2248.243,-0.007658389601878196,1.0498557538298314
cell3_01_27,20,20,0.0,cell,2060.245,-0.04339578627880103,2060.245
cell3_01_27,20,20,0.0,up,1818.151,0.047937305585013135,0.8824926161694362
cell3_01_27,20,20,0.0,down,2091.546,-0.07682215585159169,1.0151928532771588
cell3_01_27,20,21,0.2,cell,2041.343,-0.052172282689547295,2041.343
cell3_01_27,20,21,0.2,up,1808.908,0.042609868801422306,0.8861362348218794
cell3_01_27,20,21,0.2,down,2083.843,-0.08022214750058013,1.0208196270788397
cell3_01_27,20,22,0.4,cell,2025.864,-0.05935942626916548,2025.864
cell3_01_27,20,22,0.4,up,1786.639,0.029774567521125637,0.8819145806431231
cell3_01_27,20,22,0.4,down,2078.401,-0.08262416678576709,1.025933132727567
cell3_01_27,20,23,0.6,cell,2017.271,-0.06334929155630674,2017.271
cell3_01_27,20,23,0.6,up,1767.857,0.01894908686880488,0.8763606872849508
cell3_01_27,20,23,0.6,down,2071.53,-0.08565692579137509,1.0268972289791507
cell3_01_27,20,24,0.8,cell,2026.253,-0.05917880744027016,2026.253
cell3_01_27,20,24,0.8,up,1756.84,0.012599160324953384,0.8670388149949685
cell3_01_27,20,24,0.8,down,2073.442,-0.08481299692822238,1.0232887995724127
cell3_01_27,20,25,1.0,cell,2018.824,-0.06262820918799174,2018.824
cell3_01_27,20,25,1.0,up,1686.042,-0.02820705728887944,0.8351604696595641
cell3_01_27,20,25,1.0,down,2101.45,-0.07245067496212244,1.0409277876625203
cell3_01_27,20,26,1.2,cell,2009.105,-0.06714089401584299,2009.105
cell3_01_27,20,26,1.2,up,1691.546,-0.025034687705747977,0.8419400678411532
cell3_01_27,20,26,1.2,down,2098.491,-0.07375673432722127,1.044490457193626
cell3_01_27,20,27,1.4,cell,2030.669,-0.057128389063915416,2030.669
cell3_01_27,20,27,1.4,up,1653.983,-0.04668507263510201,0.8145015263442736
cell3_01_27,20,27,1.4,down,2112.734,-0.06747008223627719,1.0404127900706615
cell3_01_27,20,28,1.6,cell,2014.966,-0.06441953937276906,2014.966
cell3_01_27,20,28,1.6,up,1619.546,-0.06653370841531553,0.8037584753291123
cell3_01_27,20,28,1.6,down,2099.435,-0.07334006652030904,1.041920806604181
cell3_01_27,20,29,1.8,cell,2024.845,-0.05983256402403537,2024.845
cell3_01_27,20,29,1.8,up,1698.866,-0.020815620600275312,0.8390103933881359
cell3_01_27,20,29,1.8,down,2119.716,-0.06438832945252577,1.0468534628576507
cell3_01_27,20,30,2.0,cell,2019.887,-0.06213464153987925,2019.887
cell3_01_27,20,30,2.0,up,1676.185,-0.033888388499076744,0.829840976252632
cell3_01_27,20,30,2.0,down,2118.474,-0.06493653010526403,1.0488081759029095
cell3_01_27,20,31,2.2,cell,2033.979,-0.05559150391316047,2033.979
cell3_01_27,20,31,2.2,up,1716.874,-0.010436254420582342,0.8440962271488546
cell3_01_27,20,31,2.2,down,2124.585,-0.06223922399505138,1.044546182630204
cell3_01_27,20,32,2.4,cell,2021.176,-0.0615361385310203,2021.176
cell3_01_27,20,32,2.4,up,1629.218,-0.060959006633330266,0.8060742854654914
cell3_01_27,20,32,2.4,down,2107.434,-0.06980942479627172,1.042677134499915
cell3_01_27,20,33,2.6,cell,2021.232,-0.061510136848711434,2021.232
cell3_01_27,20,33,2.6,up,1642.454,-0.053330103326221505,0.812600433794834
cell3_01_27,20,33,2.6,down,2115.379,-0.06630261788322327,1.0465790171538942
cell3_01_27,20,34,2.8,cell,2023.837,-0.060300594305594604,2023.837
cell3_01_27,20,34,2.8,up,1622.782,-0.06466855798453558,0.8018343374491127
cell3_01_27,20,34,2.8,down,2116.866,-0.0656462778102587,1.0459666465234108
cell3_01_27,20,35,3.0,cell,2025.183,-0.05967562529867128,2025.183
cell3_01_27,20,35,3.0,up,1708.798,-0.015091061243505514,0.8437746119733377
cell3_01_27,20,35,3.0,down,2112.527,-0.06756144901173354,1.0431289419277172
cell3_01_27,20,36,3.2,cell,2021.216,-0.061517565900799716,2021.216
cell3_01_27,20,36,3.2,up,1657.798,-0.04448620091278253,0.8201983360511692
cell3_01_27,20,36,3.2,down,2111.904,-0.0678364321088801,1.044868039833447
cell3_01_27,20,37,3.4,cell,2009.611,-0.06690595024355231,2009.611
cell3_01_27,20,37,3.4,up,1627.899,-0.06171924563771815,0.8100567721812828
cell3_01_27,20,37,3.4,down,2104.006,-0.07132249390866086,1.0469717771250255
cell3_01_27,20,38,3.6,cell,2026.762,-0.058942470720712965,2026.762
cell3_01_27,20,38,3.6,up,1626.21,-0.06269274349853,0.8023685070077297
cell3_01_27,20,38,3.6,down,2117.838,-0.06521725121246336,1.044936701990663
cell3_01_27,20,39,3.8,cell,2019.479,-0.06232408236812936,2019.479
cell3_01_27,20,39,3.8,up,1682.798,-0.030076818721960462,0.8332832379044298
cell3_01_27,20,39,3.8,down,2112.213,-0.06770004402377844,1.0459197644540994
cell3_01_27,20,40,4.0,cell,2020.686,-0.061763653251222704,2020.686
cell3_01_27,20,40,4.0,up,1713.647,-0.012296217473773706,0.8480520971590836
cell3_01_27,20,40,4.0,down,2112.957,-0.06737165329460197,1.0456632054658666
cell3_01_27,20,41,4.2,cell,2025.516,-0.05952100815208471,2025.516
cell3_01_27,20,41,4.2,up,1616.025,-0.06856312580307088,0.7978337371810442
cell3_01_27,20,41,4.2,down,2134.95,-0.05766426444140157,1.0540277144194368
cell3_01_27,20,42,4.4,cell,2032.312,-0.05636551827760421,2032.312
cell3_01_27,20,42,4.4,up,1662.681,-0.04167176038327114,0.8181229063254067
cell3_01_27,20,42,4.4,down,2131.66,-0.059116422370152945,1.048884226437673
cell3_01_27,20,43,4.6,cell,2036.316,-0.0545063979925217,2036.316
cell3_01_27,20,43,4.6,up,1674.723,-0.03473104916959601,0.822427855008751
cell3_01_27,20,43,4.6,down,2129.825,-0.05992636455837752,1.0459206724300156
cell3_01_27,20,44,4.8,cell,2022.616,-0.06086752384307854,2022.616
cell3_01_27,20,44,4.8,up,1659.21,-0.04367235900664487,0.8203287228025488
cell3_01_27,20,44,4.8,down,2115.681,-0.06616931949584239,1.0460121941090152
cell3_01_27,20,45,5.0,cell,2028.896,-0.057951620898443745,2028.896
cell3_01_27,20,45,5.0,up,1652.773,-0.047382486733137816,0.8146169148147564
cell3_01_27,20,45,5.0,down,2121.721,-0.06350335174822586,1.0457514825796888
cell3_01_27,20,46,5.2,cell,2027.401,-0.05864577295293876,2027.401
cell3_01_27,20,46,5.2,up,1655.739,-0.045672957630018614,0.8166805678797633
cell3_01_27,20,46,5.2,down,2111.562,-0.0679873859118081,1.0415117680222117
cell3_01_27,20,47,5.4,cell,2022.473,-0.060933920996117205,2022.473
cell3_01_27,20,47,5.4,up,1705.092,-0.01722710805947292,0.8430728123440956
cell3_01_27,20,47,5.4,down,2113.152,-0.06728558314380964,1.0448357036163154
cell3_01_27,20,48,5.6,cell,2022.368,-0.0609826741504463,2022.368
cell3_01_27,20,48,5.6,up,1667.622,-0.03882389008707705,0.8245887988734
cell3_01_27,20,48,5.6,down,2114.087,-0.0668728878053955,1.0453522800993686
cell3_01_27,20,49,5.8,cell,2017.203,-0.06338086502768175,2017.203
cell3_01_27,20,49,5.8,up,1663.571,-0.04115878637727795,0.8246919125145065
cell3_01_27,20,49,5.8,down,2109.058,-0.06909261492505836,1.045535823613191
cell3_01_27,20,50,6.0,cell,2008.299,-0.06751513251478818,2008.299
cell3_01_27,20,50,6.0,up,1612.429,-0.07063577133739872,0.8028829372518734
cell3_01_27,20,50,6.0,down,2109.816,-0.06875804480044034,1.050548747970297
cell3_01_27,20,51,6.2,cell,2011.044,-0.06624058576589918,2011.044
cell3_01_27,20,51,6.2,up,1628.992,-0.061089267448335365,0.8100230527029741
cell3_01_27,20,51,6.2,down,2106.345,-0.0702900934845425,1.0473888189418032
cell3_01_27,20,52,6.4,cell,2035.506,-0.0548824937544889,2035.506
cell3_01_27,20,52,6.4,up,1602.462,-0.07638050382923572,0.787254864392441
cell3_01_27,20,52,6.4,down,2131.166,-0.05933446675215985,1.046995685593656
cell3_01_27,20,53,6.6,cell,2008.848,-0.06726022316501039,2008.848
cell3_01_27,20,53,6.6,up,1667.126,-0.03910977222974301,0.8298915597397115
cell3_01_27,20,53,6.6,down,2096.925,-0.0744479438458913,1.0438445317913552
cell3_01_27,20,54,6.8,cell,2007.314,-0.06797248353397049,2007.314
cell3_01_27,20,54,6.8,up,1626.269,-0.06265873735655968,0.8101717020854734
cell3_01_27,20,54,6.8,down,2098.599,-0.07370906470524395,1.0454761935601506
cell3_01_27,20,55,7.0,cell,2019.009,-0.06254231077322148,2019.009
cell3_01_27,20,55,7.0,up,1668.63,-0.03824290379714308,0.8264599117685955
cell3_01_27,20,55,7.0,down,2106.553,-0.07019828532369739,1.0433598859638564
cell3_01_27,20,56,7.2,cell,2007.838,-0.06772918207808064,2007.838
cell3_01_27,20,56,7.2,up,1645.235,-0.05172720365131449,0.8194062469183271
cell3_01_27,20,56,7.2,down,2100.327,-0.07294635075360793,1.0460639752808745
cell3_01_27,20,57,7.4,cell,2010.166,-0.0666482549992415,2010.166
cell3_01_27,20,57,7.4,up,1601.933,-0.07668540635639351,0.7969157771049754
cell3_01_27,20,57,7.4,down,2102.218,-0.07211169098361755,1.045793232996678
cell3_01_27,20,58,7.6,cell,2021.293,-0.06148181358762505,2021.293
cell3_01_27,20,58,7.6,up,1638.664,-0.05551456566635011,0.8107008731539663
cell3_01_27,20,58,7.6,down,2122.166,-0.06330693525026397,1.0499051844537137
cell3_01_27,20,59,7.8,cell,2008.43,-0.06745430715081566,2008.43
cell3_01_27,20,59,7.8,up,1627.681,-0.06184489545042203,0.8104245604775869
cell3_01_27,20,59,7.8,down,2100.387,-0.07291986763028725,1.0457855140582446
cell3_01_27,20,60,8.0,cell,2017.013,-0.06346908502122965,2017.013
cell3_01_27,20,60,8.0,up,1672.059,-0.03626651293585,0.8289778003413959
cell3_01_27,20,60,8.0,down,2123.133,-0.06288011557941227,1.0526124521755684
cell3_01_27,20,61,8.2,cell,2022.109,-0.06110293193112472,2022.109
cell3_01_27,20,61,8.2,up,1675.832,-0.03409184897561106,0.8287545330147881
cell3_01_27,20,61,8.2,down,2112.115,-0.06774329979186909,1.0445109536627353
cell3_01_27,20,62,8.4,cell,2011.317,-0.0661138275646436,2011.317
cell3_01_27,20,62,8.4,up,1609.756,-0.07217642248124143,0.8003492239164687
cell3_01_27,20,62,8.4,down,2117.282,-0.06546266148856848,1.0526843854051848
cell3_01_27,20,63,8.6,cell,2013.743,-0.06498739754176401,2013.743
cell3_01_27,20,63,8.6,up,1652.975,-0.04726605892503597,0.820847049499365
cell3_01_27,20,63,8.6,down,2112.056,-0.06776934152980099,1.0488210263176583
cell3_01_27,20,64,8.8,cell,2017.799,-0.06310413283739476,2017.799
cell3_01_27,20,64,8.8,up,1651.866,-0.04790525911902079,0.8186474470450228
cell3_01_27,20,64,8.8,down,2117.702,-0.06527727962532359,1.0495108779417575
cell3_01_27,20,65,9.0,cell,2009.057,-0.0671631811721077,2009.057
cell3_01_27,20,65,9.0,up,1649.134,-0.04947991640483381,0.8208497817632849
cell3_01_27,20,65,9.0,down,2094.112,-0.07568956094424323,1.0423357824093593
cell3_01_27,20,66,9.2,cell,2013.109,-0.06528177373076058,2013.109
cell3_01_27,20,66,9.2,up,1639.891,-0.05480735318842451,0.8146061638987259
cell3_01_27,20,66,9.2,down,2100.815,-0.07273095468393302,1.0435674372326587
cell3_01_27,20,67,9.4,cell,2017.293,-0.06333907660968544,2017.293
cell3_01_27,20,67,9.4,up,1645.092,-0.05180962531744587,0.8154948240042473
cell3_01_27,20,67,9.4,down,2106.813,-0.07008352512264095,1.0443763003192894
cell3_01_27,20,68,9.6,cell,2008.865,-0.06725232979716661,2008.865
cell3_01_27,20,68,9.6,up,1665.966,-0.0397783675633972,0.8293070962956693
cell3_01_27,20,68,9.6,down,2093.533,-0.075945123084288,1.0421471826130675
cell3_01_27,20,69,9.8,cell,2010.424,-0.06652846153431859,2010.424
cell3_01_27,20,69,9.8,up,1617.37,-0.06778790104120476,0.8044919877597959
cell3_01_27,20,69,9.8,down,2106.161,-0.07037130839605918,1.0476203029808637
cell3_01_27,20,70,10.0,cell,2024.482,-0.06000111064328737,2024.482
cell3_01_27,20,70,10.0,up,1635.445,-0.057369917717240385,0.8078338063761495
cell3_01_27,20,70,10.0,down,2114.512,-0.06668529901520719,1.0444706349574855
cell3_01_27,20,71,10.2,cell,2014.951,-0.06442650410910174,2014.951
cell3_01_27,20,71,10.2,up,1631.815,-0.05946216001134768,0.8098534406047592
cell3_01_27,20,71,10.2,down,2107.668,-0.06970614061532104,1.0460145184671985
cell3_01_27,20,72,10.4,cell,2026.438,-0.05909290902549978,2026.438
cell3_01_27,20,72,10.4,up,1643.975,-0.05245343651373192,0.8112634089964755
cell3_01_27,20,72,10.4,down,2113.092,-0.06731206626713031,1.0427617326560201
cell3_01_27,20,73,10.6,cell,2017.6,-0.06319653167274229,2017.6
cell3_01_27,20,73,10.6,up,1658.588,-0.04403086443555257,0.8220598731165741
cell3_01_27,20,73,10.6,down,2112.892,-0.06740034334486608,1.0472303727200634
cell3_01_27,20,74,10.8,cell,2017.058,-0.06344819081223144,2017.058
cell3_01_27,20,74,10.8,up,1645.697,-0.0514609182684281,0.8158897760996461
cell3_01_27,20,74,10.8,down,2110.225,-0.0685775181764709,1.0461895493337325
cell3_01_27,20,75,11.0,cell,2002.401,-0.07025366684081616,2002.401
cell3_01_27,20,75,11.0,up,1669.42,-0.037787567319913125,0.8337091321868098
cell3_01_27,20,75,11.0,down,2091.672,-0.07676654129261815,1.0445819793338098
cell3_01_27,20,76,11.2,cell,2016.851,-0.063544304173623,2016.851
cell3_01_27,20,76,11.2,up,1689.311,-0.026322886473607542,0.8375983153936507
cell3_01_27,20,76,11.2,down,2108.96,-0.0691358706931488,1.0456697098595782
cell3_01_27,20,77,11.4,cell,2003.084,-0.06993653917979936,2003.084
cell3_01_27,20,77,11.4,up,1671.613,-0.03652357631413422,0.8345196706678302
cell3_01_27,20,77,11.4,down,2094.637,-0.07545783361518711,1.0457060213151321
cell3_01_27,20,78,11.6,cell,2013.254,-0.0652144479462109,2013.254
cell3_01_27,20,78,11.6,up,1585.966,-0.0858883905740278,0.7877624979262428
cell3_01_27,20,78,11.6,down,2119.934,-0.06429210743779377,1.052988842937851
cell3_01_27,20,79,11.8,cell,2014.376,-0.06469348566852293,2014.376
cell3_01_27,20,79,11.8,up,1606.294,-0.07417183372702646,0.7974151796883998
cell3_01_27,20,79,11.8,down,2109.574,-0.06886486006450035,1.0472593001505182
cell3_01_27,20,80,12.0,cell,2009.777,-0.06682887382813683,2009.777
cell3_01_27,20,80,12.0,up,1649.21,-0.0494361118829737,0.820593528535753
cell3_01_27,20,80,12.0,down,2107.069,-0.06997053046313938,1.048409350888183
cell3_01_27,20,81,12.2,cell,2017.598,-0.0631974603042533,2017.598
cell3_01_27,20,81,12.2,up,1583.319,-0.087414055960392,0.7847544456328763
cell3_01_27,20,81,12.2,down,2124.813,-0.06213858812643271,1.053139921827837
cell3_01_27,20,82,12.4,cell,2008.514,-0.06741530462735246,2008.514
cell3_01_27,20,82,12.4,up,1593.908,-0.08131081803964745,0.7935757480405912
cell3_01_27,20,82,12.4,down,2112.759,-0.0674590476015602,1.0519015550800244
cell3_01_27,20,83,12.6,cell,2012.028,-0.06578369906247236,2012.028
cell3_01_27,20,83,12.6,up,1605.588,-0.07457875468009535,0.7979948589184643
cell3_01_27,20,83,12.6,down,2102.126,-0.07215229843937579,1.0447796949147825
cell3_01_27,20,84,12.8,cell,2012.492,-0.06556825655191338,2012.492
cell3_01_27,20,84,12.8,up,1637.723,-0.05605693481201267,0.8137786386231597
cell3_01_27,20,84,12.8,down,2110.969,-0.06824912744729422,1.0489328653231913
cell3_01_27,20,85,13.0,cell,2011.158,-0.06618765376977055,2011.158
cell3_01_27,20,85,13.0,up,1650.891,-0.0484672250244628,0.8208658892041303
cell3_01_27,20,85,13.0,down,2102.315,-0.07206887660091567,1.045325628319605
cell3_01_27,20,86,13.2,cell,1997.269,-0.07263653529811967,1997.269
cell3_01_27,20,86,13.2,up,1576.765,-0.09119161959553784,0.7894605083241166
cell3_01_27,20,86,13.2,down,2104.565,-0.07107575947638964,1.0537213565123176
cell3_01_27,20,87,13.4,cell,2009.392,-0.06700763539401014,2009.392
cell3_01_27,20,87,13.4,up,1655.639,-0.04573059515878198,0.823950229721229
cell3_01_27,20,87,13.4,down,2100.685,-0.07278833478446124,1.0454331459466346
cell3_01_27,20,88,13.6,cell,2012.496,-0.06556639928889126,2012.496
cell3_01_27,20,88,13.6,up,1639.328,-0.055131852475361884,0.8145745382847965
cell3_01_27,20,88,13.6,down,2103.713,-0.07145181982754344,1.045325307478872
cell3_01_27,20,89,13.8,cell,2017.551,-0.06321928314476252,2017.551
cell3_01_27,20,89,13.8,up,1602.37,-0.076433530355698,0.7942153630812802
cell3_01_27,20,89,13.8,down,2115.02,-0.06646107523775872,1.04831055076179
cell3_01_27,20,90,14.0,cell,2005.862,-0.0686466700109784,2005.862
cell3_01_27,20,90,14.0,up,1620.261,-0.06612160008465806,0.8077629468029206
cell3_01_27,20,90,14.0,down,2098.762,-0.07363711888688938,1.0463142529246778
cell3_01_27,20,91,14.2,cell,2006.675,-0.0682691813017447,2006.675
cell3_01_27,20,91,14.2,up,1581.765,-0.08830974315737343,0.7882517099181483
cell3_01_27,20,91,14.2,down,2112.815,-0.0674343300197942,1.0528934680503819
cell3_01_27,20,92,14.4,cell,2001.287,-0.07077091459246,2001.287
cell3_01_27,20,92,14.4,up,1635.916,-0.0570984449567653,0.8174319825192489
cell3_01_27,20,92,14.4,down,2104.501,-0.07110400814126498,1.0515738122518161
cell3_01_27,20,93,14.6,cell,2000.152,-0.07129791297496962,2000.152
cell3_01_27,20,93,14.6,up,1600.655,-0.07742201397398835,0.8002666797323403
cell3_01_27,20,93,14.6,down,2094.763,-0.07540221905621376,1.0473019050552157
cell3_01_27,20,94,14.8,cell,1986.444,-0.07766275335157061,1986.444
cell3_01_27,20,94,14.8,up,1658.092,-0.0443167465782184,0.8347036211441149
cell3_01_27,20,94,14.8,down,2073.662,-0.08471589214271326,1.0439065989275307
cell3_01_27,20,95,15.0,cell,2006.382,-0.06840522581811057,2006.382
cell3_01_27,20,95,15.0,up,1628.21,-0.06153999292326424,0.8115154541856935
cell3_01_27,20,95,15.0,down,2104.145,-0.07126114133963453,1.048726015285225
cell3_01_27,20,96,15.2,cell,1995.319,-0.07354195102137412,1995.319
cell3_01_27,20,96,15.2,up,1595.849,-0.08019207360635201,0.7997964235292703
cell3_01_27,20,96,15.2,down,2104.885,-0.07093451615201253,1.054911520413528
cell3_01_27,20,97,15.4,cell,1994.193,-0.07406477056208412,1994.193
cell3_01_27,20,97,15.4,up,1609.983,-0.07204558529094884,0.8073355989114394
cell3_01_27,20,97,15.4,down,2089.762,-0.0776095873849935,1.0479236463070527
cell3_01_27,20,98,15.6,cell,2008.585,-0.06738233820871083,2008.585
cell3_01_27,20,98,15.6,up,1659.244,-0.04365276224686543,0.8260760684760664
cell3_01_27,20,98,15.6,down,2103.254,-0.07165441572094687,1.0471321850954776
cell3_01_27,20,99,15.8,cell,2011.284,-0.06612914998457554,2011.284
cell3_01_27,20,99,15.8,up,1642.235,-0.053456329514213134,0.8165107463689861
cell3_01_27,20,99,15.8,down,2113.64,-0.06707018707413473,1.0508908736906373
cell3_01_27,20,100,16.0,cell,1982.564,-0.07946429848296913,1982.564
cell3_01_27,20,100,16.0,up,1601.958,-0.07667099697420264,0.8080233475438876
cell3_01_27,20,100,16.0,down,2079.179,-0.08228076895337531,1.0487323486152276
cell3_01_27,20,101,16.2,cell,1996.954,-0.07278279476110695,1996.954
cell3_01_27,20,101,16.2,up,1604.782,-0.07504331316192747,0.8036149055010782
cell3_01_27,20,101,16.2,down,2094.766,-0.07540089490004766,1.0489805974499162
cell3_01_27,20,102,16.4,cell,2011.704,-0.06593413736725928,2011.704
cell3_01_27,20,102,16.4,up,1680.723,-0.03127279744379872,0.8354723160067287
cell3_01_27,20,102,16.4,down,2108.004,-0.06955783512472526,1.04786986554682
cell3_01_27,20,103,16.6,cell,2001.589,-0.07063069123429448,2001.589
cell3_01_27,20,103,16.6,up,1621.21,-0.06557461993669442,0.8099614855996911
cell3_01_27,20,103,16.6,down,2083.372,-0.08043004001864758,1.0408590374947104
cell3_01_27,20,104,16.8,cell,2006.984,-0.06812570773329055,2006.984
cell3_01_27,20,104,16.8,up,1650.151,-0.04889374273731114,0.8222043623666159
cell3_01_27,20,104,16.8,down,2094.929,-0.0753289490816931,1.0438194823675726
cell3_01_27,20,105,17.0,cell,2000.025,-0.07135688107592002,2000.025
cell3_01_27,20,105,17.0,up,1698.261,-0.021164327649293217,0.849119886001425
cell3_01_27,20,105,17.0,down,2086.176,-0.07919239538879376,1.0430749615629804
cell3_01_27,20,106,17.2,cell,1996.263,-0.07310363694816789,1996.263
cell3_01_27,20,106,17.2,up,1642.059,-0.05355777156483648,0.8225664654406759
cell3_01_27,20,106,17.2,down,2093.694,-0.07587406003671078,1.048806695310187
cell3_01_27,20,107,17.4,cell,2001.8,-0.07053272060988079,2001.8
cell3_01_27,20,107,17.4,up,1635.412,-0.05738893810173221,0.8169707263462884
cell3_01_27,20,107,17.4,down,2105.729,-0.07056198688396828,1.051917774003397
cell3_01_27,20,108,17.6,cell,2006.066,-0.06855194959685336,2006.066
cell3_01_27,20,108,17.6,up,1660.924,-0.04268445176364215,0.8279508251473281
cell3_01_27,20,108,17.6,down,2095.103,-0.0752521480240631,1.0443838836807962
cell3_01_27,20,109,17.8,cell,1993.718,-0.07428532054595374,1993.718
cell3_01_27,20,109,17.8,up,1621.471,-0.06542418598662225,0.8132900440282929
cell3_01_27,20,109,17.8,down,2078.793,-0.08245114371340509,1.0426715312797497
cell3_01_27,20,110,18.0,cell,2003.205,-0.06988035697338209,2003.205
cell3_01_27,20,110,18.0,up,1590.16,-0.08347107261769539,0.7938079228037072
cell3_01_27,20,110,18.0,down,2101.392,-0.07247627531466579,1.049014953536957
cell3_01_27,20,111,18.2,cell,1997.885,-0.07235051679272238,1997.885
cell3_01_27,20,111,18.2,up,1628.471,-0.06138955897319207,0.8150974655698401
cell3_01_27,20,111,18.2,down,2094.374,-0.07557391797240966,1.0482955725679906
cell3_01_27,20,112,18.4,cell,1998.904,-0.07187737903785249,1998.904
cell3_01_27,20,112,18.4,up,1663.605,-0.041139189617498365,0.83225857770058
cell3_01_27,20,112,18.4,down,2097.255,-0.07430228666762752,1.0492024629496965
cell3_01_27,20,113,18.6,cell,1993.907,-0.07419756486816145,1993.907
cell3_01_27,20,113,18.6,up,1605.689,-0.07452054077604436,0.8052978398691615
cell3_01_27,20,113,18.6,down,2091.525,-0.07683142494475381,1.0489581510070431
cell3_01_27,20,114,18.8,cell,1993.685,-0.0743006429658858,1993.685
cell3_01_27,20,114,18.8,up,1622.63,-0.06475616702825568,0.8138848413866785
cell3_01_27,20,114,18.8,down,2081.259,-0.0813626873449246,1.0439256953831724
cell3_01_27,20,115,19.0,cell,1987.935,-0.0769704585600976,1987.935
cell3_01_27,20,115,19.0,up,1657.109,-0.04488332348596163,0.8335830899903669
cell3_01_27,20,115,19.0,down,2084.728,-0.07983152143159979,1.0486902237749223
cell3_01_27,20,116,19.2,cell,1986.941,-0.07743198842107957,1986.941
cell3_01_27,20,116,19.2,up,1573.824,-0.09288673931646617,0.7920839119027692
cell3_01_27,20,116,19.2,down,2078.9,-0.08240391547681654,1.0462816963362274
cell3_01_27,20,117,19.4,cell,2003.055,-0.0699500043367093,2003.055
cell3_01_27,20,117,19.4,up,1566.697,-0.09699456599142582,0.7821537601313993
cell3_01_27,20,117,19.4,down,2100.956,-0.07266871934412936,1.0488758421511142
cell3_01_27,20,118,19.6,cell,2003.924,-0.06954651394516671,2003.924
cell3_01_27,20,118,19.6,up,1604.0,-0.07549403863685634,0.8004295572087564
cell3_01_27,20,118,19.6,down,2115.773,-0.06612871204008394,1.0558149909876822
cell3_01_27,20,119,19.8,cell,1995.423,-0.07349366218280054,1995.423
cell3_01_27,20,119,19.8,up,1612.471,-0.0706115635753182,0.8080848020695361
cell3_01_27,20,119,19.8,down,2092.2,-0.07653348980739612,1.0484994910853487
cell3_01_27,20,120,20.0,cell,1984.631,-0.07850455781631942,1984.631
cell3_01_27,20,120,20.0,up,1645.395,-0.05163498360529318,0.8290684767092723
cell3_01_27,20,120,20.0,down,2078.224,-0.08270229199956299,1.0471588925094892
cell3_01_27,20,121,20.2,cell,2002.273,-0.07031309925752217,2002.273
cell3_01_27,20,121,20.2,up,1641.134,-0.05409091870589687,0.8196354842721247
cell3_01_27,20,121,20.2,down,2107.829,-0.06963507756774383,1.05271808589538
cell3_01_27,20,122,20.4,cell,1982.746,-0.07937979301546537,1982.746
cell3_01_27,20,122,20.4,up,1636.143,-0.05696760776647258,0.8251904177337894
cell3_01_27,20,122,20.4,down,2072.739,-0.08512329085646317,1.0453880628179302
cell3_01_27,20,123,20.6,cell,1985.731,-0.07799381048525285,1985.731
cell3_01_27,20,123,20.6,up,1587.857,-0.08479846490511399,0.799633485099442
cell3_01_27,20,123,20.6,down,2089.518,-0.07771728541983106,1.0522663945922182
cell3_01_27,20,124,20.8,cell,1992.243,-0.07497018628533857,1992.243
cell3_01_27,20,124,20.8,up,1646.706,-0.050879355603206514,0.8265588083381394
cell3_01_27,20,124,20.8,down,2083.707,-0.08028217591344035,1.0459100621761501
cell3_01_27,20,125,21.0,cell,1982.043,-0.07970620699159257,1982.043
cell3_01_27,20,125,21.0,up,1619.176,-0.06674696727173976,0.816922740828529
cell3_01_27,20,125,21.0,down,2079.831,-0.08199298567995708,1.0493369720031303
cell3_01_27,20,126,21.2,cell,1995.271,-0.07356423817763885,1995.271
cell3_01_27,20,126,21.2,up,1647.151,-0.050622868600209786,0.8255274596784097
cell3_01_27,20,126,21.2,down,2082.144,-0.08097206127594447,1.0435394490272247
cell3_01_27,20,127,21.4,cell,1981.732,-0.07985060919155773,1981.732
cell3_01_27,20,127,21.4,up,1667.571,-0.038853285226746415,0.8414715006872776
cell3_01_27,20,127,21.4,down,2075.777,-0.08378236204565868,1.0474559627638853
cell3_01_27,20,128,21.6,cell,1989.017,-0.07646806891263022,1989.017
cell3_01_27,20,128,21.6,up,1605.395,-0.07468999511060848,0.8071298535909949
cell3_01_27,20,128,21.6,down,2080.31,-0.08178156207878029,1.0458985518977464
cell3_01_27,20,129,21.8,cell,1971.615,-0.08454809169010394,1971.615
cell3_01_27,20,129,21.8,up,1574.857,-0.09229134364434145,0.798764971863168
cell3_01_27,20,129,21.8,down,2063.682,-0.08912091832172206,1.0466962363341725
cell3_01_27,20,130,22.0,cell,1996.963,-0.0727786159193073,1996.963
cell3_01_27,20,130,22.0,up,1651.908,-0.04788105135694026,0.827210118565041
cell3_01_27,20,130,22.0,down,2087.002,-0.07882781105774553,1.0450879660764871
cell3_01_27,20,131,22.2,cell,1988.801,-0.07656836111582153,1988.801
cell3_01_27,20,131,22.2,up,1658.345,-0.04417092363044733,0.8338415960168967
cell3_01_27,20,131,22.2,down,2086.963,-0.07884502508790388,1.0493573766304423
cell3_01_27,20,132,22.4,cell,1978.268,-0.08145899896866199,1978.268
cell3_01_27,20,132,22.4,up,1596.639,-0.07973673712912205,0.8070893326889986
cell3_01_27,20,132,22.4,down,2084.28,-0.08002926208572758,1.0535882903630853
cell3_01_27,20,133,22.6,cell,1975.586,-0.08270429382495349,1975.586
cell3_01_27,20,133,22.6,up,1557.874,-0.10207992515421067,0.7885629883993914
cell3_01_27,20,133,22.6,down,2077.619,-0.08296933015971333,1.0516469543720193
cell3_01_27,20,134,22.8,cell,1978.028,-0.08157043474998563,1978.028
cell3_01_27,20,134,22.8,up,1632.454,-0.05909385620255033,0.8252936763281409
cell3_01_27,20,134,22.8,down,2070.12,-0.08627927918941153,1.0465574804805593
cell3_01_27,20,135,23.0,cell,1984.207,-0.0787014276966578,1984.207
cell3_01_27,20,135,23.0,up,1596.79,-0.07964970446068945,0.8047497060538542
cell3_01_27,20,135,23.0,down,2090.436,-0.07731209363302438,1.0535372569495018
cell3_01_27,20,136,23.2,cell,1971.232,-0.08472592462446624,1971.232
cell3_01_27,20,136,23.2,up,1605.723,-0.0745009440162649,0.8145783956429279
cell3_01_27,20,136,23.2,down,2066.075,-0.08806468308661503,1.0481135655265337
cell3_01_27,20,137,23.4,cell,1978.091,-0.08154118285738823,1978.091
cell3_01_27,20,137,23.4,up,1645.899,-0.05134449046032626,0.832064348910136
cell3_01_27,20,137,23.4,down,2077.555,-0.08299757882458887,1.0502828231865975
cell3_01_27,20,138,23.6,cell,1981.399,-0.08000522633814429,1981.399
cell3_01_27,20,138,23.6,up,1583.0,-0.08759791967714688,0.7989304526751049
cell3_01_27,20,138,23.6,down,2076.008,-0.08368040202087411,1.0477485857215028
cell3_01_27,20,139,23.8,cell,1987.781,-0.07704196318644692,1987.781
cell3_01_27,20,139,23.8,up,1626.571,-0.0624846720196946,0.8182848110531291
cell3_01_27,20,139,23.8,down,2083.772,-0.08025348586317624,1.0482905309991393
cell3_01_27,20,140,24.0,cell,1986.471,-0.07765021682617167,1986.471
cell3_01_27,20,140,24.0,up,1654.471,-0.04640380149473713,0.8328694453631591
cell3_01_27,20,140,24.0,down,2084.41,-0.07997188198519956,1.0493030102125829
cell3_01_27,20,141,24.2,cell,1974.789,-0.08307435348209903,1974.789
cell3_01_27,20,141,24.2,up,1650.193,-0.04886953497523061,0.8356300343986117
cell3_01_27,20,141,24.2,down,2074.875,-0.08418049166624647,1.0506818703162717
cell3_01_27,20,142,24.4,cell,1979.55,-0.08086374617009168,1979.55
cell3_01_27,20,142,24.4,up,1588.059,-0.08468203709701214,0.8022323255285292
cell3_01_27,20,142,24.4,down,2084.709,-0.07983990775398478,1.0531226793968325
cell3_01_27,20,143,24.6,cell,1967.057,-0.08666444290374174,1967.057
cell3_01_27,20,143,24.6,up,1619.008,-0.06684379832006201,0.8230610500864998
cell3_01_27,20,143,24.6,down,2063.504,-0.08919948492090672,1.0490311160276493
cell3_01_27,20,144,24.8,cell,1977.994,-0.08158622148567318,1977.994
cell3_01_27,20,144,24.8,up,1570.218,-0.09496514860367034,0.7938436618109055
cell3_01_27,20,144,24.8,down,2085.22,-0.07961435982037021,1.054209466762791
cell3_01_27,20,145,25.0,cell,1970.049,-0.08527521016324059,1970.049
cell3_01_27,20,145,25.0,up,1603.899,-0.07555225254090733,0.8141416787095143
cell3_01_27,20,145,25.0,down,2064.548,-0.08873867857512671,1.0479678424242238
cell3_01_27,20,146,25.2,cell,1971.141,-0.08476817735821807,1971.141
cell3_01_27,20,146,25.2,up,1599.101,-0.07831770117096977,0.8112565260425307
cell3_01_27,20,146,25.2,down,2068.525,-0.08698328888435322,1.0494048878289275
cell3_01_27,20,147,25.4,cell,1983.113,-0.07920938913319134,1983.113
cell3_01_27,20,147,25.4,up,1600.63,-0.07743642335617909,0.8071300021733507
cell3_01_27,20,147,25.4,down,2077.478,-0.083031565499517,1.0475842778500266
cell3_01_27,20,148,25.6,cell,1971.278,-0.08470456609971252,1971.278
cell3_01_27,20,148,25.6,up,1628.773,-0.061215493636326994,0.8262523094155162
cell3_01_27,20,148,25.6,down,2081.187,-0.0813944670929095,1.0557552004334243
cell3_01_27,20,149,25.8,cell,1981.699,-0.07986593161148968,1981.699
cell3_01_27,20,149,25.8,up,1612.462,-0.0706167509529069,0.8136765472455706
cell3_01_27,20,149,25.8,down,2074.53,-0.08433276962534038,1.046844147370514
cell3_01_27,20,150,26.0,cell,1979.159,-0.081045293630498,1979.159
cell3_01_27,20,150,26.0,up,1645.42,-0.0516205742231023,0.8313733257408829
cell3_01_27,20,150,26.0,down,2075.773,-0.08378412758721336,1.0488156838333857
cell3_01_27,20,151,26.2,cell,1966.774,-0.08679584426255257,1966.774
cell3_01_27,20,151,26.2,up,1600.471,-0.07752806702691278,0.813754401878406
cell3_01_27,20,151,26.2,down,2069.87,-0.08638962553658108,1.0524188340907497
cell3_01_27,20,152,26.4,cell,1967.492,-0.0864624655500927,1967.492
cell3_01_27,20,152,26.4,up,1563.916,-0.09859746566633285,0.7948779461365028
cell3_01_27,20,152,26.4,down,2057.248,-0.0919607919124777,1.04561949934231
cell3_01_27,20,153,26.6,cell,1970.49,-0.08507044691505843,1970.49
cell3_01_27,20,153,26.6,up,1624.664,-0.06358381969321046,0.8244974600226339
cell3_01_27,20,153,26.6,down,2063.752,-0.0890900213445145,1.0473293444777694
cell3_01_27,20,154,26.8,cell,1979.299,-0.08098028942472596,1979.299
cell3_01_27,20,154,26.8,up,1588.361,-0.08450797176014693,0.8024866379460608
cell3_01_27,20,154,26.8,down,2079.882,-0.08197047502513452,1.0508174863929098
cell3_01_27,20,155,27.0,cell,1962.589,-0.08873900569938323,1962.589
cell3_01_27,20,155,27.0,up,1670.647,-0.037080354841987656,0.8512464912419259
cell3_01_27,20,155,27.0,down,2056.84,-0.09214087715105838,1.0480238093660976
cell3_01_27,20,156,27.2,cell,1968.73,-0.08588764264476499,1968.73
cell3_01_27,20,156,27.2,up,1575.252,-0.09206367540572648,0.8001361283670183
cell3_01_27,20,156,27.2,down,2069.12,-0.08672066457808976,1.0509922640483966
cell3_01_27,20,157,27.4,cell,1954.03,-0.09271308425083692,1954.03
cell3_01_27,20,157,27.4,up,1636.311,-0.05687077671815032,0.837403212847295
cell3_01_27,20,157,27.4,down,2047.469,-0.09627709962836217,1.0478186107685143
cell3_01_27,20,158,27.6,cell,1966.479,-0.08693281741042945,1966.479
cell3_01_27,20,158,27.6,up,1581.597,-0.08840657420569582,0.8042786116709103
cell3_01_27,20,158,27.6,down,2064.908,-0.08857977983520249,1.0500534203518064
cell3_01_27,20,159,27.8,cell,1976.628,-0.0822204768077068,1976.628
cell3_01_27,20,159,27.8,up,1636.723,-0.056633310099645555,0.8280379515012435
cell3_01_27,20,159,27.8,down,2073.546,-0.08476709284779993,1.0490319878095422
cell3_01_27,20,160,28.0,cell,1960.164,-0.08986497140650732,1960.164
cell3_01_27,20,160,28.0,up,1603.588,-0.07573150525536111,0.8180886905381386
cell3_01_27,20,160,28.0,down,2052.13,-0.09421980233173288,1.0469175028211926
cell3_01_27,20,161,28.2,cell,1976.781,-0.08214943649711298,1976.781
cell3_01_27,20,161,28.2,up,1597.664,-0.0791459524592983,0.808214971714115
cell3_01_27,20,161,28.2,down,2069.147,-0.08670874717259543,1.0467254592188007
cell3_01_27,20,162,28.4,cell,1962.837,-0.08862385539201546,1962.837
cell3_01_27,20,162,28.4,up,1575.042,-0.09218471421612941,0.8024313786626194
cell3_01_27,20,162,28.4,down,2064.177,-0.08890243255432617,1.0516293507815473
cell3_01_27,20,163,28.6,cell,1974.138,-0.08337662303893939,1974.138
cell3_01_27,20,163,28.6,up,1639.294,-0.05515144923514133,0.8303847046153816
cell3_01_27,20,163,28.6,down,2070.598,-0.08606829697362331,1.0488618323541719
cell3_01_27,20,164,28.8,cell,1963.695,-0.08822547247378353,1963.695
cell3_01_27,20,164,28.8,up,1505.462,-0.13228890672962534,0.7666475700146917
cell3_01_27,20,164,28.8,down,2061.022,-0.0902950034556061,1.0495631959138256
cell3_01_27,20,165,29.0,cell,1966.398,-0.08697042698662624,1966.398
cell3_01_27,20,165,29.0,up,1611.445,-0.07120292462042957,0.8194907643315341
cell3_01_27,20,165,29.0,down,2069.957,-0.08635122500776608,1.05266431312481
cell3_01_27,20,166,29.2,cell,1972.322,-0.08421982045095482,1972.322
cell3_01_27,20,166,29.2,up,1583.639,-0.08722961586834953,0.8029312657872295
cell3_01_27,20,166,29.2,down,2071.8,-0.08553775173643197,1.050436997609924
cell3_01_27,20,167,29.4,cell,1962.653,-0.08870928949103023,1962.653
cell3_01_27,20,167,29.4,up,1590.361,-0.08335522118488117,0.8103118584895038
cell3_01_27,20,167,29.4,down,2057.674,-0.09177276173690081,1.0484145694628648
cell3_01_27,20,168,29.6,cell,1972.144,-0.08430246865543645,1972.144
cell3_01_27,20,168,29.6,up,1543.0,-0.11065293118246218,0.78239722859994
cell3_01_27,20,168,29.6,down,2074.527,-0.08433409378150648,1.051914566076311
cell3_01_27,20,169,29.8,cell,1966.171,-0.0870758266631281,1966.171
cell3_01_27,20,169,29.8,up,1614.168,-0.06963345471220525,0.8209703021761585
cell3_01_27,20,169,29.8,down,2072.469,-0.08524246491140629,1.0540634563321298
cell3_01_27,20,170,30.0,cell,1966.485,-0.08693003151589643,1966.485
cell3_01_27,20,170,30.0,up,1604.437,-0.07524216263616083,0.8158907899119495
cell3_01_27,20,170,30.0,down,2057.53,-0.09183632123287037,1.0462983445080944
cell3_01_27,20,171,30.2,cell,1965.355,-0.08745470831962844,1965.355
cell3_01_27,20,171,30.2,up,1611.697,-0.0710576780479461,0.8200538833951118
cell3_01_27,20,171,30.2,down,2053.592,-0.0935744968934853,1.044896214678773
cell3_01_27,20,172,30.4,cell,1958.109,-0.09081914028409087,1958.109
cell3_01_27,20,172,30.4,up,1592.361,-0.0822024706096154,0.8132136668591995
cell3_01_27,20,172,30.4,down,2052.7,-0.09396821266018641,1.0483073209918343
cell3_01_27,20,173,30.6,cell,1961.521,-0.08923489492627334,1961.521
cell3_01_27,20,173,30.6,up,1624.504,-0.06367603973923178,0.8281858822821677
cell3_01_27,20,173,30.6,down,2064.277,-0.08885829401545839,1.0523858781017383
cell3_01_27,20,174,30.8,cell,1951.517,-0.09387990974444632,1951.517
cell3_01_27,20,174,30.8,up,1569.899,-0.09514901232042534,0.8044505889520818
cell3_01_27,20,174,30.8,down,2054.338,-0.0932452233935313,1.0526877295970263
cell3_01_27,20,175,31.0,cell,1951.121,-0.09406377878363027,1951.121
cell3_01_27,20,175,31.0,up,1595.496,-0.08039553408288633,0.817732985294095
cell3_01_27,20,175,31.0,down,2044.135,-0.09774867851421543,1.047672081844232
cell3_01_27,20,176,31.2,cell,1958.093,-0.09082656933617904,1958.093
cell3_01_27,20,176,31.2,up,1581.261,-0.08860023630234048,0.8075515310049114
cell3_01_27,20,176,31.2,down,2056.712,-0.09219737448080927,1.0503648192399442
cell3_01_27,20,177,31.4,cell,1968.66,-0.08592014474765101,1968.66
cell3_01_27,20,177,31.4,up,1603.874,-0.07556666192309808,0.8147034023142645
cell3_01_27,20,177,31.4,down,2067.046,-0.08763609787420845,1.0499761258927391
cell3_01_27,20,178,31.6,cell,1971.647,-0.08453323358592749,1971.647
cell3_01_27,20,178,31.6,up,1530.555,-0.11782592163705337,0.7762824684134635
cell3_01_27,20,178,31.6,down,2075.304,-0.08399113733450347,1.0525738126551052
cell3_01_27,20,179,31.8,cell,1956.401,-0.09161219159451058,1956.401
cell3_01_27,20,179,31.8,up,1617.403,-0.06776888065671281,0.8267236624802379
cell3_01_27,20,179,31.8,down,2050.373,-0.09499531645964057,1.0480330975091507
cell3_01_27,20,180,32.0,cell,1956.449,-0.09158990443824586,1956.449
cell3_01_27,20,180,32.0,up,1600.05,-0.07777072102300625,0.8178337385743252
cell3_01_27,20,180,32.0,down,2046.794,-0.09657503476571995,1.0461780501306193
cell3_01_27,20,181,32.2,cell,1965.437,-0.08741663442767625,1965.437
cell3_01_27,20,181,32.2,up,1554.513,-0.10401712249594484,0.790924868108212
cell3_01_27,20,181,32.2,down,2057.993,-0.09163195979791247,1.0470918172396266
cell3_01_27,20,182,32.4,cell,1971.628,-0.08454205558528227,1971.628
cell3_01_27,20,182,32.4,up,1570.445,-0.09483431141337775,0.7965219605321084
cell3_01_27,20,182,32.4,down,2075.17,-0.08405028297658636,1.0525159918605336
cell3_01_27,20,183,32.6,cell,1966.216,-0.08705493245413,1966.216
cell3_01_27,20,183,32.6,up,1601.462,-0.0769568791168686,0.8144893541706507
cell3_01_27,20,183,32.6,down,2064.212,-0.0888869840657225,1.04983989551504
cell3_01_27,20,184,32.8,cell,1939.907,-0.09927061566597664,1939.907
cell3_01_27,20,184,32.8,up,1546.101,-0.10886559141551255,0.7969974849309788
cell3_01_27,20,184,32.8,down,2052.229,-0.09417610517825387,1.0579007137971046
cell3_01_27,20,185,33.0,cell,1958.42,-0.0906747380841256,1958.42
cell3_01_27,20,185,33.0,up,1600.975,-0.07723757388194587,0.8174829709663912
cell3_01_27,20,185,33.0,down,2054.528,-0.09316136016968261,1.0490742537351536
cell3_01_27,20,186,33.2,cell,1958.619,-0.09058233924877818,1958.619
cell3_01_27,20,186,33.2,up,1542.706,-0.1108223855170263,0.7876498696275284
cell3_01_27,20,186,33.2,down,2054.428,-0.0932054987085504,1.048916609100596
cell3_01_27,20,187,33.4,cell,1945.683,-0.09658872786212142,1945.683
cell3_01_27,20,187,33.4,up,1610.378,-0.07181791705233385,0.8276671996414626
cell3_01_27,20,187,33.4,down,2037.869,-0.10051439935967328,1.0473797633016273
cell3_01_27,20,188,33.6,cell,1946.675,-0.09612812663265045,1946.675
cell3_01_27,20,188,33.6,up,1598.168,-0.07885545931433138,0.8209731978887076
cell3_01_27,20,188,33.6,down,2042.631,-0.09841252213878746,1.0492922547420602
cell3_01_27,20,189,33.8,cell,1943.384,-0.0976561897840506,1943.384
cell3_01_27,20,189,33.8,up,1591.958,-0.08243474985053147,0.8191680079696035
cell3_01_27,20,189,33.8,down,2048.471,-0.09583483146890659,1.0540742333990607
cell3_01_27,20,190,34.0,cell,1954.578,-0.09245863921681464,1954.578
cell3_01_27,20,190,34.0,up,1582.941,-0.0876319258191172,0.8098633055319359
cell3_01_27,20,190,34.0,down,2042.276,-0.09856921395176824,1.044867997081723
cell3_01_27,20,191,34.2,cell,1939.777,-0.09933097671419355,1939.777
cell3_01_27,20,191,34.2,up,1565.487,-0.0976919800894615,0.8070448304109183
cell3_01_27,20,191,34.2,down,2033.568,-0.10241279791637835,1.048351434211252
cell3_01_27,20,192,34.4,cell,1936.689,-0.10076478376722416,1936.689
cell3_01_27,20,192,34.4,up,1578.706,-0.09007287516224254,0.8151572090304637
cell3_01_27,20,192,34.4,down,2037.4,-0.1007214091069633,1.0520016378468613
cell3_01_27,20,193,34.6,cell,1945.616,-0.09661983701774093,1945.616
cell3_01_27,20,193,34.6,up,1596.445,-0.07984855393492281,0.8205344734007122
cell3_01_27,20,193,34.6,down,2033.352,-0.1025081371603328,1.045094201527948
cell3_01_27,20,194,34.8,cell,1937.328,-0.10046808599945005,1937.328
cell3_01_27,20,194,34.8,up,1543.151,-0.11056589851402958,0.7965357440763774
cell3_01_27,20,194,34.8,down,2038.812,-0.10009817293814972,1.0523834890116697
cell3_01_27,20,195,35.0,cell,1938.789,-0.09978972068064249,1938.789
cell3_01_27,20,195,35.0,up,1606.235,-0.07420583986899691,0.8284733408328601
cell3_01_27,20,195,35.0,down,2035.335,-0.10163286993458388,1.049797064043586
cell3_01_27,20,196,35.2,cell,1932.087,-0.10290156487410466,1932.087
cell3_01_27,20,196,35.2,up,1560.84,-0.1003703960510916,0.8078518203372829
cell3_01_27,20,196,35.2,down,2025.254,-0.10608247603784923,1.0482209134474794
cell3_01_27,20,197,35.4,cell,1951.968,-0.093670503338709,1951.968
cell3_01_27,20,197,35.4,up,1556.773,-0.10271451434589454,0.7975402260692798
cell3_01_27,20,197,35.4,down,2054.076,-0.09336086636536507,1.052310283775144
cell3_01_27,20,198,35.6,cell,1950.005,-0.09458195516678512,1950.005
cell3_01_27,20,198,35.6,up,1612.176,-0.07078159428516993,0.8267548031928122
cell3_01_27,20,198,35.6,down,2041.351,-0.09897749543629558,1.0468439824513271
cell3_01_27,20,199,35.8,cell,1938.764,-0.0998013285745304,1938.764
cell3_01_27,20,199,35.8,up,1537.042,-0.11408697514617894,0.7927947909080219
cell3_01_27,20,199,35.8,down,2044.175,-0.09773102309866831,1.0543702069978604
cell3_01_27,20,200,36.0,cell,1929.61,-0.1040516750005156,1929.61
cell3_01_27,20,200,36.0,up,1591.899,-0.08246875599250192,0.8249848414964682
cell3_01_27,20,200,36.0,down,2027.272,-0.10519176032349653,1.0506122998947973
cell2_01_27,20,1,-19.0,cell,1409.256,-0.0012904328601792984,1409.256
cell2_01_27,20,1,-19.0,up,1581.088,0.0028853072603585122,1.1219310047287363
cell2_01_27,20,1,-19.0,down,1988.102,-0.0022554494483126406,1.4107458119745455
cell2_01_27,20,2,-18.0,cell,1414.075,0.0021246893064439097,1414.075
cell2_01_27,20,2,-18.0,up,1584.958,0.005340051170310208,1.1208443682265792
cell2_01_27,20,2,-18.0,down,1991.286,-0.0006575341255794301,1.408189806056963
cell2_01_27,20,3,-17.0,cell,1417.491,0.004545535399240085,1417.491
cell2_01_27,20,3,-17.0,up,1592.856,0.010349758509017619,1.1237150712068014
cell2_01_27,20,3,-17.0,down,2001.043,0.004239092697255941,1.4116795097817199
cell2_01_27,20,4,-16.0,cell,1410.17,-0.0006427006210646284,1410.17
cell2_01_27,20,4,-16.0,up,1581.229,0.0029747436663800537,1.1213038144337206
cell2_01_27,20,4,-16.0,down,1995.968,0.0016921642227362079,1.4154094896360012
cell2_01_27,20,5,-15.0,cell,1417.207,0.004344270677239549,1417.207
cell2_01_27,20,5,-15.0,up,1577.632,0.000693163861704103,1.113198001421105
cell2_01_27,20,5,-15.0,down,2002.696,0.0050686636860995515,1.4131287807638544
cell2_01_27,20,6,-14.0,cell,1410.639,-0.000310330358324289,1410.639
cell2_01_27,20,6,-14.0,up,1575.071,-0.0009312803639771542,1.1165656131724702
cell2_01_27,20,6,-14.0,down,1990.63,-0.0009867528604138884,1.4111548028942913
cell2_01_27,20,7,-13.0,cell,1410.668,-0.0002897786789650731,1410.668
cell2_01_27,20,7,-13.0,up,1579.796,0.0020657906888708407,1.119892136207811
cell2_01_27,20,7,-13.0,down,1990.959,-0.0008216416351691795,1.4113590157287188
cell2_01_27,20,8,-12.0,cell,1411.016,-4.315852665432117e-05,1411.016
cell2_01_27,20,8,-12.0,up,1565.66,-0.00690068474034777,1.1095976232728757
cell2_01_27,20,8,-12.0,down,1993.089,0.00024731553738785027,1.412520481695459
cell2_01_27,20,9,-11.0,cell,1410.134,-0.0006682130506140443,1410.134
cell2_01_27,20,9,-11.0,up,1567.224,-0.005908638364336409,1.1114007604951017
cell2_01_27,20,9,-11.0,down,1994.3,0.0008550653664801735,1.414262758007395
cell2_01_27,20,10,-10.0,cell,1400.113,-0.00776988128712189,1400.113
cell2_01_27,20,10,-10.0,up,1559.878,-0.010568211687981012,1.114108646944925
cell2_01_27,20,10,-10.0,down,1977.889,-0.0073809234404843575,1.4126638349904614
cell2_01_27,20,11,-9.0,cell,1412.503,0.0010106465494544668,1412.503
cell2_01_27,20,11,-9.0,up,1580.416,0.002459057155064571,1.11887620769655
cell2_01_27,20,11,-9.0,down,1988.509,-0.0020511933125236005,1.4077909923023173
cell2_01_27,20,12,-8.0,cell,1402.137,-0.006335515803568239,1402.137
cell2_01_27,20,12,-8.0,up,1553.513,-0.014605535973986719,1.1079609196533577
cell2_01_27,20,12,-8.0,down,1980.191,-0.006225646721598648,1.4122664190446441
cell2_01_27,20,13,-7.0,cell,1407.398,-0.002607157696366592,1407.398
cell2_01_27,20,13,-7.0,up,1560.442,-0.01021046606389499,1.1087425163315565
cell2_01_27,20,13,-7.0,down,1987.171,-0.0027226790857073323,1.411946727222861
cell2_01_27,20,14,-6.0,cell,1414.733,0.0025909998243185215,1414.733
cell2_01_27,20,14,-6.0,up,1566.025,-0.006669164965894963,1.1069403201876256
cell2_01_27,20,14,-6.0,down,2004.191,0.00581894113819954,1.4166567119025286
cell2_01_27,20,15,-5.0,cell,1400.649,-0.007390029558275765,1400.649
cell2_01_27,20,15,-5.0,up,1546.841,-0.01883759059083356,1.1043744721197102
cell2_01_27,20,15,-5.0,down,1984.164,-0.004231765572974578,1.4166033031830245
cell2_01_27,20,16,-4.0,cell,1413.296,0.0015726286781393884,1413.296
cell2_01_27,20,16,-4.0,up,1550.969,-0.016219197086885066,1.097412714675482
cell2_01_27,20,16,-4.0,down,2004.466,0.005956952040759659,1.4182917095923286
cell2_01_27,20,17,-3.0,cell,1414.514,0.0024357992112264562,1414.514
cell2_01_27,20,17,-3.0,up,1573.224,-0.0021028338527835093,1.112201081078024
cell2_01_27,20,17,-3.0,down,1997.883,0.0026532219623825867,1.4124165614479602
cell2_01_27,20,18,-2.0,cell,1397.966,-0.009291414238302766,1397.966
cell2_01_27,20,18,-2.0,up,1548.334,-0.017890579568208706,1.1075619864860806
cell2_01_27,20,18,-2.0,down,1986.069,-0.00327572641160311,1.4206847662961761
cell2_01_27,20,19,-1.0,cell,1404.712,-0.004510668412189324,1404.712
cell2_01_27,20,19,-1.0,up,1567.963,-0.005439890108663456,1.116216704918873
cell2_01_27,20,19,-1.0,down,1977.099,-0.0077773911242026966,1.4074764079754427
cell2_01_27,20,20,0.0,cell,1338.169,-0.051668268398412535,1338.169
cell2_01_27,20,20,0.0,up,1724.555,0.0938865332368519,1.2887423038495138
cell2_01_27,20,20,0.0,down,1761.579,-0.11593779010519041,1.3164099601769281
cell2_01_27,20,21,1.0,cell,1325.84,-0.06040556684047489,1325.84
cell2_01_27,20,21,1.0,up,1810.476,0.14838628814304136,1.3655312858263442
cell2_01_27,20,21,1.0,down,1690.224,-0.1517478553858529,1.274832558981476
cell2_01_27,20,22,2.0,cell,1319.383,-0.06498150455159458,1319.383
cell2_01_27,20,22,2.0,up,1806.006,0.14555096378193444,1.368826186179449
cell2_01_27,20,22,2.0,down,1675.934,-0.15891940374070773,1.2702407109990048
cell2_01_27,20,23,3.0,cell,1315.587,-0.06767164851185646,1315.587
cell2_01_27,20,23,3.0,up,1804.686,0.1447136867893927,1.3717724483443512
cell2_01_27,20,23,3.0,down,1665.309,-0.16425164315780588,1.2658296258628277
cell2_01_27,20,24,4.0,cell,1313.347,-0.06925908857270645,1313.347
cell2_01_27,20,24,4.0,up,1782.603,0.13070642328462234,1.3572978047690367
cell2_01_27,20,24,4.0,down,1673.92,-0.15993014540527573,1.2745451126016203
cell2_01_27,20,25,5.0,cell,1310.12,-0.07154599441036852,1310.12
cell2_01_27,20,25,5.0,up,1761.357,0.11723006950921347,1.3444241748847434
cell2_01_27,20,25,5.0,down,1674.977,-0.1593996816816171,1.27849128324123
cell2_01_27,20,26,6.0,cell,1300.759,-0.07817993477180443,1300.759
cell2_01_27,20,26,6.0,up,1725.697,0.09461090469555068,1.3266846510383552
cell2_01_27,20,26,6.0,down,1679.099,-0.15733102371669686,1.2908609511831168
cell2_01_27,20,27,7.0,cell,1308.408,-0.07275925217116098,1308.408
cell2_01_27,20,27,7.0,up,1741.306,0.10451170513235564,1.3308585701096296
cell2_01_27,20,27,7.0,down,1692.362,-0.1506748833506758,1.2934512781945695
cell2_01_27,20,28,8.0,cell,1302.751,-0.07676824700340573,1302.751
cell2_01_27,20,28,8.0,up,1699.292,0.07786219334095831,1.3043874078776374
cell2_01_27,20,28,8.0,down,1695.261,-0.14921999750877774,1.3012931864953472
cell2_01_27,20,29,9.0,cell,1304.683,-0.07539907995092261,1304.683
cell2_01_27,20,29,9.0,up,1685.921,0.06938095798696275,1.2922073791104813
cell2_01_27,20,29,9.0,down,1715.206,-0.139210443139458,1.3146534445531979
cell2_01_27,20,30,10.0,cell,1309.727,-0.07182450509961572,1309.727
cell2_01_27,20,30,10.0,up,1664.054,0.055510703444608234,1.2705350046231008
cell2_01_27,20,30,10.0,down,1732.067,-0.13074861831012222,1.3224641471085194
cell2_01_27,20,31,11.0,cell,1308.677,-0.07256861762813926,1308.677
cell2_01_27,20,31,11.0,up,1635.144,0.037173068706442464,1.2494633893619282
cell2_01_27,20,31,11.0,down,1748.911,-0.12229532506385384,1.3363962230558037
cell2_01_27,20,32,12.0,cell,1313.687,-0.06901813784918463,1313.687
cell2_01_27,20,32,12.0,up,1626.805,0.031883634736135896,1.2383505355537507
cell2_01_27,20,32,12.0,down,1761.862,-0.11579576434001022,1.341158129752369
cell2_01_27,20,33,13.0,cell,1306.009,-0.0744593721291873,1306.009
cell2_01_27,20,33,13.0,up,1615.552,0.02474584837471833,1.2370144463016717
cell2_01_27,20,33,13.0,down,1759.434,-0.11701427514515986,1.3471836717817411
cell2_01_27,20,34,14.0,cell,1312.019,-0.07020021375163892,1312.019
cell2_01_27,20,34,14.0,up,1595.476,0.012011626479062459,1.216046413961993
cell2_01_27,20,34,14.0,down,1780.668,-0.10635782603620346,1.357196808887676
cell2_01_27,20,35,15.0,cell,1301.146,-0.0779056761541487,1301.146
cell2_01_27,20,35,15.0,up,1572.051,-0.0028468686347921024,1.208204920892813
cell2_01_27,20,35,15.0,down,1763.499,-0.11497422307640652,1.355342905408002
cell2_01_27,20,36,16.0,cell,1311.526,-0.07054959230074559,1311.526
cell2_01_27,20,36,16.0,up,1616.198,0.02515560666046231,1.2323034388948446
cell2_01_27,20,36,16.0,down,1775.274,-0.1090648471576931,1.3535942101033451
cell2_01_27,20,37,17.0,cell,1312.767,-0.06967012215989077,1312.767
cell2_01_27,20,37,17.0,up,1580.348,0.0024159247039336486,1.2038297732956418
cell2_01_27,20,37,17.0,down,1788.434,-0.10246039814790373,1.3623392422265337
cell2_01_27,20,38,18.0,cell,1317.911,-0.06602467944872456,1317.911
cell2_01_27,20,38,18.0,up,1568.467,-0.005120202529692928,1.1901160245266942
cell2_01_27,20,38,18.0,down,1804.151,-0.09457269867321834,1.3689475237705733
cell2_01_27,20,39,19.0,cell,1317.024,-0.06665327736567733,1317.024
cell2_01_27,20,39,19.0,up,1575.844,-0.000440965882738668,1.1965188181840272
cell2_01_27,20,39,19.0,down,1799.674,-0.09681951616689823,1.3664701630342349
cell2_01_27,20,40,20.0,cell,1316.993,-0.0666752464022337,1316.993
cell2_01_27,20,40,20.0,up,1570.099,-0.0040850237025506445,1.1921847724323515
cell2_01_27,20,40,20.0,down,1798.779,-0.0972686789225032,1.3658227492477182
cell2_01_27,20,41,21.0,cell,1314.669,-0.06832221546536545,1314.669
cell2_01_27,20,41,21.0,up,1552.034,-0.015543666786084391,1.180551150137411
cell2_01_27,20,41,21.0,down,1806.557,-0.09336522874027359,1.3741534941494777
cell2_01_27,20,42,22.0,cell,1318.354,-0.06571073482954755,1318.354
cell2_01_27,20,42,22.0,up,1557.105,-0.01232712767307032,1.1810977931572249
cell2_01_27,20,42,22.0,down,1810.629,-0.09132166366672789,1.373401226074332
cell2_01_27,20,43,23.0,cell,1310.051,-0.07159489323367145,1310.051
cell2_01_27,20,43,23.0,up,1551.337,-0.015985774410176526,1.1841806158691532
cell2_01_27,20,43,23.0,down,1800.976,-0.09616609727550411,1.3747373193868027
cell2_01_27,20,44,24.0,cell,1317.445,-0.06635492367566934,1317.445
cell2_01_27,20,44,24.0,up,1558.453,-0.011472090259474797,1.1829359100379901
cell2_01_27,20,44,24.0,down,1811.598,-0.09083536343188851,1.375084348872249
cell2_01_27,20,45,25.0,cell,1313.787,-0.06894726998932517,1313.787
cell2_01_27,20,45,25.0,up,1547.875,-0.018181723613342544,1.1781780456040438
cell2_01_27,20,45,25.0,down,1818.331,-0.08745635467938766,1.384037899598641
cell2_01_27,20,46,26.0,cell,1315.622,-0.06764684476090563,1315.622
cell2_01_27,20,46,26.0,up,1553.442,-0.014650571327373373,1.1807662079229444
cell2_01_27,20,46,26.0,down,1811.11,-0.09108027005170444,1.3766188160429058
cell2_01_27,20,47,27.0,cell,1323.692,-0.061927808470254184,1323.692
cell2_01_27,20,47,27.0,up,1551.235,-0.016050473086872984,1.1719002607857416
cell2_01_27,20,47,27.0,down,1829.616,-0.081792889096145,1.3822067369146296
cell2_01_27,20,48,28.0,cell,1310.343,-0.07138795908288198,1310.343
cell2_01_27,20,48,28.0,up,1528.235,-0.030639390381159096,1.1662862319255338
cell2_01_27,20,48,28.0,down,1814.331,-0.08946378598935402,1.3846229575004405
cell2_01_27,20,49,29.0,cell,1316.689,-0.0668906846962061,1316.689
cell2_01_27,20,49,29.0,up,1524.275,-0.03315122135878389,1.157657578972711
cell2_01_27,20,49,29.0,down,1824.029,-0.08459676877834052,1.3853149832648408
cell2_01_27,20,50,30.0,cell,1311.438,-0.07061195601742182,1311.438
cell2_01_27,20,50,30.0,up,1541.448,-0.022258374545967564,1.1753876279320867
cell2_01_27,20,50,30.0,down,1815.258,-0.08899856378326924,1.3841737085550365
cell2_01_27,20,51,31.0,cell,1316.968,-0.06669296336719845,1316.968
cell2_01_27,20,51,31.0,up,1521.516,-0.03490125713334631,1.1553173653422102
cell2_01_27,20,51,31.0,down,1833.14,-0.08002434211206458,1.3919396674786326
cell2_01_27,20,52,32.0,cell,1315.891,-0.06745621021788391,1315.891
cell2_01_27,20,52,32.0,up,1542.918,-0.02132595244063723,1.172527207800646
cell2_01_27,20,52,32.0,down,1823.181,-0.08502234421605337,1.3855106539979374
cell2_01_27,20,53,33.0,cell,1317.582,-0.06625783470766186,1317.582
cell2_01_27,20,53,33.0,up,1531.918,-0.028303260711817546,1.1626737463019379
cell2_01_27,20,53,33.0,down,1827.631,-0.08278907688371576,1.387109872478525
cell2_01_27,20,54,34.0,cell,1316.486,-0.0670345464517206,1316.486
cell2_01_27,20,54,34.0,up,1538.079,-0.02439533377920461,1.1683215772898456
cell2_01_27,20,54,34.0,down,1821.771,-0.08572996375281655,1.383813424525593
cell2_01_27,20,55,35.0,cell,1316.88,-0.06675532708387467,1316.88
cell2_01_27,20,55,35.0,up,1535.127,-0.026267789598888633,1.1657303626754145
cell2_01_27,20,55,35.0,down,1820.538,-0.08634875445411366,1.382463094587206
cell2_01_27,20,56,36.0,cell,1313.269,-0.06931436550339674,1313.269
cell2_01_27,20,56,36.0,up,1546.065,-0.019329807974327633,1.1772645208255126
cell2_01_27,20,56,36.0,down,1813.511,-0.08987530940789709,1.380913582822712
cell2_01_27,20,57,37.0,cell,1321.211,-0.06368604007336524,1321.211
cell2_01_27,20,57,37.0,up,1554.609,-0.013910342349876386,1.1766545994545912
cell2_01_27,20,57,37.0,down,1824.829,-0.08419528251634727,1.3811790849455536
cell2_01_27,20,58,38.0,cell,1314.168,-0.06867726344326106,1314.168
cell2_01_27,20,58,38.0,up,1560.754,-0.010012564229294304,1.187636588320519
cell2_01_27,20,58,38.0,down,1805.152,-0.09407033898789927,1.3736082449123705
cell2_01_27,20,59,39.0,cell,1315.865,-0.06747463586144739,1315.865
cell2_01_27,20,59,39.0,up,1550.096,-0.016772941643316042,1.1780053424933408
cell2_01_27,20,59,39.0,down,1820.22,-0.08650834524325597,1.3832877992803214
cell2_01_27,20,60,40.0,cell,1313.233,-0.06933987793294616,1313.233
cell2_01_27,20,60,40.0,up,1546.229,-0.019225782651011863,1.177421676122973
cell2_01_27,20,60,40.0,down,1815.19,-0.08903269011553866,1.382229962238232
cell2_01_27,20,61,41.0,cell,1317.591,-0.06625145660027468,1317.591
cell2_01_27,20,61,41.0,up,1555.068,-0.013619198304742551,1.1802357484226897
cell2_01_27,20,61,41.0,down,1818.694,-0.08727418028800818,1.3803175644035213
cell2_01_27,20,62,42.0,cell,1322.921,-0.06247419966976993,1322.921
cell2_01_27,20,62,42.0,up,1581.575,0.0031942117265462734,1.1955173438172044
cell2_01_27,20,62,42.0,down,1821.872,-0.08567927611223984,1.3771585756065554
cell2_01_27,20,63,43.0,cell,1316.662,-0.06690981901836816,1316.662
cell2_01_27,20,63,43.0,up,1553.96,-0.014322003537875954,1.1802269678930508
cell2_01_27,20,63,43.0,down,1817.939,-0.08765308294776426,1.380718058241219
cell2_01_27,20,64,44.0,cell,1318.295,-0.06575254686686456,1318.295
cell2_01_27,20,64,44.0,up,1557.054,-0.012359477011418476,1.1811119665932133
cell2_01_27,20,64,44.0,down,1814.04,-0.08960982661715404,1.376050125351306
cell2_01_27,20,65,45.0,cell,1312.524,-0.06984233105934916,1312.524
cell2_01_27,20,65,45.0,up,1572.144,-0.002787878664862985,1.1978020973330774
cell2_01_27,20,65,45.0,down,1801.286,-0.09601052134898175,1.372383285943724
cell2_01_27,20,66,46.0,cell,1312.559,-0.06981752730839832,1312.559
cell2_01_27,20,66,46.0,up,1559.017,-0.011114344635388775,1.1877690831421674
cell2_01_27,20,66,46.0,down,1809.317,-0.0919801011363968,1.3784652727991655
cell2_01_27,20,67,47.0,cell,1319.058,-0.06521182509613759,1319.058
cell2_01_27,20,67,47.0,up,1582.13,0.003546248643864957,1.1994392968315268
cell2_01_27,20,67,47.0,down,1811.593,-0.0908378727210259,1.3733990468955877
cell2_01_27,20,68,48.0,cell,1320.139,-0.06444574353105782,1320.139
cell2_01_27,20,68,48.0,up,1571.564,-0.003155773100979719,1.1904534295252245
cell2_01_27,20,68,48.0,down,1811.107,-0.09108177562518688,1.3719062916859512
cell2_01_27,20,69,49.0,cell,1319.042,-0.06522316395371514,1319.042
cell2_01_27,20,69,49.0,up,1564.504,-0.007633936409573741,1.1860911176444722
cell2_01_27,20,69,49.0,down,1814.516,-0.08937094229126799,1.3756317084672058
cell2_01_27,20,70,50.0,cell,1315.365,-0.06782897516074426,1315.365
cell2_01_27,20,70,50.0,up,1590.96,0.009147124283366928,1.2095197910846038
cell2_01_27,20,70,50.0,down,1800.136,-0.09658765785059711,1.3685448525694388
cell2_01_27,20,71,51.0,cell,1321.154,-0.0637264347534851,1321.154
cell2_01_27,20,71,51.0,up,1569.289,-0.004598807311610251,1.1878168631363186
cell2_01_27,20,71,51.0,down,1817.333,-0.08795720879122416,1.3755648470957966
cell2_01_27,20,72,52.0,cell,1310.485,-0.07128732672188179,1310.485
cell2_01_27,20,72,52.0,up,1578.612,0.0013147785985910883,1.2046013498819141
cell2_01_27,20,72,52.0,down,1794.631,-0.09935038519093826,1.3694403217129538
cell2_01_27,20,73,53.0,cell,1309.507,-0.07198041439130635,1309.507
cell2_01_27,20,73,53.0,up,1564.79,-0.007452526394523016,1.194945884214441
cell2_01_27,20,73,53.0,down,1791.522,-0.1009106611766097,1.3680889067412392
cell2_01_27,20,74,54.0,cell,1317.584,-0.06625641735046471,1317.584
cell2_01_27,20,74,54.0,up,1583.122,0.004175474989775012,1.201534019842378
cell2_01_27,20,74,54.0,down,1800.146,-0.0965826392723222,1.3662476168502349
cell2_01_27,20,75,55.0,cell,1318.873,-0.06534293063687739,1318.873
cell2_01_27,20,75,55.0,up,1589.779,0.008398015095342907,1.2054071923528649
cell2_01_27,20,75,55.0,down,1804.24,-0.09452803332657161,1.3680164807377206
cell2_01_27,20,76,56.0,cell,1325.063,-0.060956210111582095,1325.063
cell2_01_27,20,76,56.0,up,1604.901,0.01798991106596011,1.2111884491529836
cell2_01_27,20,76,56.0,down,1810.059,-0.09160772262839806,1.3660173138937544
cell2_01_27,20,77,57.0,cell,1322.352,-0.06287743779236973,1322.352
cell2_01_27,20,77,57.0,up,1605.232,0.018199864614847384,1.2139218604426052
cell2_01_27,20,77,57.0,down,1805.967,-0.09366132485849359,1.365723347489927
cell2_01_27,20,78,58.0,cell,1317.555,-0.06627696902982393,1317.555
cell2_01_27,20,78,58.0,up,1579.235,0.0017099479670405501,1.1986103046931627
cell2_01_27,20,78,58.0,down,1799.56,-0.09687672795923229,1.365832925380724
cell2_01_27,20,79,59.0,cell,1324.317,-0.0614848843461331,1324.317
cell2_01_27,20,79,59.0,up,1600.195,0.015004891727398703,1.2083171929379446
cell2_01_27,20,79,59.0,down,1813.477,-0.08989237257403174,1.3693677571155547
cell2_01_27,20,80,60.0,cell,1320.537,-0.06416368944881741,1320.537
cell2_01_27,20,80,60.0,up,1608.96,0.020564537818025627,1.218413418177605
cell2_01_27,20,80,60.0,down,1799.456,-0.09692892117329144,1.3626698835398023
cell2_01_27,20,81,61.0,cell,1320.684,-0.06405951369482418,1320.684
cell2_01_27,20,81,61.0,up,1604.929,0.018007671487014036,1.21522559522187
cell2_01_27,20,81,61.0,down,1797.694,-0.09781319466533159,1.3611840531118724
cell2_01_27,20,82,62.0,cell,1316.669,-0.06690485826817796,1316.669
cell2_01_27,20,82,62.0,up,1602.207,0.016281104840272884,1.2168639194816617
cell2_01_27,20,82,62.0,down,1786.351,-0.10350576800256864,1.3567198741673117
cell2_01_27,20,83,63.0,cell,1313.474,-0.06916908639068507,1313.474
cell2_01_27,20,83,63.0,up,1608.592,0.02033111514131709,1.2246850718019544
cell2_01_27,20,83,63.0,down,1785.638,-0.10386359263357023,1.3594772336566998
cell2_01_27,20,84,64.0,cell,1321.358,-0.06358186431937202,1321.358
cell2_01_27,20,84,64.0,up,1617.054,0.02569856810411052,1.2237818971088836
cell2_01_27,20,84,64.0,down,1795.339,-0.0989950698490743,1.358707481242782
cell2_01_27,20,85,65.0,cell,1324.745,-0.061181569905935054,1324.745
cell2_01_27,20,85,65.0,up,1625.238,0.030889685457868656,1.2268308240453825
cell2_01_27,20,85,65.0,down,1788.11,-0.10262300008401103,1.3497767494876374
cell2_01_27,20,86,66.0,cell,1324.484,-0.061366535020168,1324.484
cell2_01_27,20,86,66.0,up,1619.439,0.027211375397452792,1.2226942718824843
cell2_01_27,20,86,66.0,down,1799.269,-0.09702276858703231,1.3584679014620034
cell2_01_27,20,87,67.0,cell,1326.192,-0.060156111973769834,1326.192
cell2_01_27,20,87,67.0,up,1643.986,0.042781555954967646,1.2396289526705033
cell2_01_27,20,87,67.0,down,1786.773,-0.10329398399936728,1.3472958666618406
cell2_01_27,20,88,68.0,cell,1318.642,-0.06550663539315255,1318.642
cell2_01_27,20,88,68.0,up,1638.496,0.03929924482689674,1.242563182425556
cell2_01_27,20,88,68.0,down,1774.027,-0.10969066386857504,1.3453439220046077
cell2_01_27,20,89,69.0,cell,1327.443,-0.05926955504692908,1327.443
cell2_01_27,20,89,69.0,up,1641.524,0.04121990750372697,1.236606016228192
cell2_01_27,20,89,69.0,down,1792.658,-0.10034055068457927,1.35045949242265
cell2_01_27,20,90,70.0,cell,1328.583,-0.058461661444532145,1328.583
cell2_01_27,20,90,70.0,up,1647.637,0.045097388000247485,1.2401460804481164
cell2_01_27,20,90,70.0,down,1777.468,-0.10796377108417646,1.3378674873907013
cell2_01_27,20,91,71.0,cell,1334.145,-0.054519991079153826,1334.145
cell2_01_27,20,91,71.0,up,1658.0,0.051670646692451305,1.2427434799066068
cell2_01_27,20,91,71.0,down,1792.851,-0.1002436921238733,1.3438201994535828
cell2_01_27,20,92,72.0,cell,1327.727,-0.05906829032492838,1327.727
cell2_01_27,20,92,72.0,up,1639.527,0.03995320890213188,1.2348374326951248
cell2_01_27,20,92,72.0,down,1781.229,-0.1060762837949806,1.3415626857027083
cell2_01_27,20,93,73.0,cell,1330.877,-0.056835952739358195,1330.877
cell2_01_27,20,93,73.0,up,1661.649,0.05398521013622732,1.2485368670433106
cell2_01_27,20,93,73.0,down,1777.206,-0.10809525783497934,1.3353645753890104
cell2_01_27,20,94,74.0,cell,1325.474,-0.06066494320756019,1325.474
cell2_01_27,20,94,74.0,up,1672.161,0.06065297964046811,1.2615569977230787
cell2_01_27,20,94,74.0,down,1763.913,-0.114766453935825,1.3307790269745012
cell2_01_27,20,95,75.0,cell,1330.872,-0.05683949613235108,1330.872
cell2_01_27,20,95,75.0,up,1670.008,0.059287330121572536,1.254822402154377
cell2_01_27,20,95,75.0,down,1768.011,-0.11270984055876448,1.3284605882459017
cell2_01_27,20,96,76.0,cell,1324.691,-0.06121983855025902,1324.691
cell2_01_27,20,96,76.0,up,1671.864,0.060464592317146224,1.2620784771693927
cell2_01_27,20,96,76.0,down,1763.604,-0.1149215280045199,1.3313323635474235
cell2_01_27,20,97,77.0,cell,1324.438,-0.06139913423570319,1324.438
cell2_01_27,20,97,77.0,up,1664.428,0.05574793192582838,1.2567051081288818
cell2_01_27,20,97,77.0,down,1758.692,-0.1173866536531586,1.327877937661106
cell2_01_27,20,98,78.0,cell,1331.63,-0.056302317754617,1331.63
cell2_01_27,20,98,78.0,up,1670.623,0.05967742508400671,1.254569963127896
cell2_01_27,20,98,78.0,down,1771.602,-0.11090766910024212,1.3304010873891396
cell2_01_27,20,99,79.0,cell,1329.6,-0.05774093530976243,1329.6
cell2_01_27,20,99,79.0,up,1678.932,0.06494783003175553,1.2627346570397113
cell2_01_27,20,99,79.0,down,1763.332,-0.11505803333359757,1.3262123947051747
cell2_01_27,20,100,80.0,cell,1327.753,-0.059049864681365055,1327.753
cell2_01_27,20,100,80.0,up,1665.765,0.056595992031152745,1.2545744577492954
cell2_01_27,20,100,80.0,down,1766.681,-0.11337731146932827,1.3305795580955193
cell2_01_27,20,101,81.0,cell,1324.55,-0.06131976223266079,1324.55
cell2_01_27,20,101,81.0,up,1646.782,0.044555060857351184,1.2432765845003964
cell2_01_27,20,101,81.0,down,1761.19,-0.11613301280008459,1.3296515797818127
cell2_01_27,20,102,82.0,cell,1330.867,-0.05684303952534413,1330.867
cell2_01_27,20,102,82.0,up,1656.085,0.05045596075251403,1.2443655151115778
cell2_01_27,20,102,82.0,down,1774.554,-0.10942618479348694,1.3333819232124624
cell2_01_27,20,103,83.0,cell,1345.884,-0.04620081301026188,1345.884
cell2_01_27,20,103,83.0,up,1675.527,0.06278803597144927,1.2449267544602656
cell2_01_27,20,103,83.0,down,1790.27,-0.10153898717662915,1.3301815015261345
cell2_01_27,20,104,84.0,cell,1338.934,-0.051126129270488416,1338.934
cell2_01_27,20,104,84.0,up,1670.836,0.05981253114416682,1.2478852579738808
cell2_01_27,20,104,84.0,down,1778.679,-0.10735602125508413,1.3284291832159016
cell2_01_27,20,105,85.0,cell,1333.236,-0.055164179925275454,1333.236
cell2_01_27,20,105,85.0,up,1659.127,0.052385503639871295,1.2444360938348498
cell2_01_27,20,105,85.0,down,1765.614,-0.1139127937712618,1.324307174423733
cell2_01_27,20,106,86.0,cell,1328.596,-0.05845244862275048,1328.596
cell2_01_27,20,106,86.0,up,1654.907,0.04970875446674574,1.2456058877190659
cell2_01_27,20,106,86.0,down,1758.527,-0.1174694601946947,1.323597993671515
cell2_01_27,20,107,87.0,cell,1329.166,-0.05804850182155209,1329.166
cell2_01_27,20,107,87.0,up,1662.445,0.05449011353476004,1.250742947081102
cell2_01_27,20,107,87.0,down,1757.438,-0.11801598336883301,1.3222110707014776
cell2_01_27,20,108,88.0,cell,1335.12,-0.053829029445525,1335.12
cell2_01_27,20,108,88.0,up,1667.116,0.057452932347004,1.2486637905207023
cell2_01_27,20,108,88.0,down,1770.199,-0.11161177563221283,1.3258725807418061
cell2_01_27,20,109,89.0,cell,1340.834,-0.049779639933160244,1340.834
cell2_01_27,20,109,89.0,up,1675.292,0.06263897529474671,1.2494402737400752
cell2_01_27,20,109,89.0,down,1771.048,-0.11118569833667251,1.3208555272315587
cell2_01_27,20,110,90.0,cell,1340.13,-0.0502785496665702,1340.13
cell2_01_27,20,110,90.0,up,1665.691,0.05654905377551022,1.2429324020803951
cell2_01_27,20,110,90.0,down,1775.652,-0.1088751448989012,1.3249848895256429
cell2_01_27,20,111,91.0,cell,1333.404,-0.05504512192071178,1333.404
cell2_01_27,20,111,91.0,up,1674.703,0.06226537215186264,1.2559606840837436
cell2_01_27,20,111,91.0,down,1761.733,-0.11586050399975671,1.3212297248245843
cell2_01_27,20,112,92.0,cell,1340.623,-0.04992917111746353,1340.623
cell2_01_27,20,112,92.0,up,1687.161,0.07016749091935036,1.2584902690763922
cell2_01_27,20,112,92.0,down,1765.552,-0.11394390895656634,1.3169638295031487
cell2_01_27,20,113,93.0,cell,1336.007,-0.05320043152857223,1336.007
cell2_01_27,20,113,93.0,up,1666.442,0.05702541364020624,1.2473302909341044
cell2_01_27,20,113,93.0,down,1762.662,-0.11539427807801697,1.3193508716645945
cell2_01_27,20,114,94.0,cell,1333.882,-0.05470637355058393,1333.882
cell2_01_27,20,114,94.0,up,1667.499,0.057695869534991485,1.2501098298050353
cell2_01_27,20,114,94.0,down,1755.761,-0.11885759894553648,1.3162791011498767
cell2_01_27,20,115,95.0,cell,1331.492,-0.056400115401223035,1331.492
cell2_01_27,20,115,95.0,up,1661.246,0.053729586933201484,1.247657515028254
cell2_01_27,20,115,95.0,down,1758.836,-0.11731438612599981,1.3209512336536757
cell2_01_27,20,116,96.0,cell,1338.721,-0.051277077811988855,1338.721
cell2_01_27,20,116,96.0,up,1669.89,0.05921248263284536,1.247377160737749
cell2_01_27,20,116,96.0,down,1762.867,-0.11529139722338123,1.3168292721186863
cell2_01_27,20,117,97.0,cell,1337.682,-0.052013394875927745,1337.682
cell2_01_27,20,117,97.0,up,1665.805,0.056621364061229744,1.245292229393832
cell2_01_27,20,117,97.0,down,1770.879,-0.11127051230951863,1.323841540814633
cell2_01_27,20,118,98.0,cell,1332.297,-0.05582962912935503,1332.297
cell2_01_27,20,118,98.0,up,1672.275,0.060725289926187635,1.2551818400852062
cell2_01_27,20,118,98.0,down,1752.076,-0.12070694503984296,1.3150791452656578
cell2_01_27,20,119,99.0,cell,1344.235,-0.04736942401934304,1344.235
cell2_01_27,20,119,99.0,up,1680.006,0.06562906903932354,1.2497859377266625
cell2_01_27,20,119,99.0,down,1770.798,-0.1113111627935454,1.317327699397799
cell2_01_27,20,120,100.0,cell,1343.795,-0.04768124260272417,1343.795
cell2_01_27,20,120,100.0,up,1671.127,0.059997112662977095,1.2435877496195475
cell2_01_27,20,120,100.0,down,1769.037,-0.11219493442775808,1.3164485654433897
cell1_01_27,20,1,-19.0,cell,2434.992,-0.003578617209739182,2434.992
cell1_01_27,20,1,-19.0,up,1793.6,0.018129702094885743,0.7365937957907047
cell1_01_27,20,1,-19.0,down,2262.197,-0.0006629860222507612,0.9290367278414056
cell1_01_27,20,2,-18.0,cell,2463.915,0.008256943504399709,2463.915
cell1_01_27,20,2,-18.0,up,1772.643,0.006233546783332221,0.7194416203481045
cell1_01_27,20,2,-18.0,down,2286.882,0.010241738097726714,0.9281497129568188
cell1_01_27,20,3,-17.0,cell,2443.031,-0.00028898361084002026,2443.031
cell1_01_27,20,3,-17.0,up,1758.226,-0.0019502042844096858,0.7196904173545077
cell1_01_27,20,3,-17.0,down,2258.136,-0.002456953397224642,0.9243173746055617
cell1_01_27,20,4,-16.0,cell,2424.954,-0.007686260208339854,2424.954
cell1_01_27,20,4,-16.0,up,1767.165,0.0031239824947083073,0.728741658604658
cell1_01_27,20,4,-16.0,down,2242.664,-0.009291787976292463,0.9248274400256665
cell1_01_27,20,5,-15.0,cell,2453.888,0.004153801808148556,2453.888
cell1_01_27,20,5,-15.0,up,1757.478,-0.0023748034242218083,0.7162013914245475
cell1_01_27,20,5,-15.0,down,2265.834,0.0009436771993151723,0.9233648805487454
cell1_01_27,20,6,-14.0,cell,2452.378,0.00353589575834919,2452.378
cell1_01_27,20,6,-14.0,up,1777.278,0.008864585570804225,0.7247161734447136
cell1_01_27,20,6,-14.0,down,2256.246,-0.0032918704961412346,0.9200237483781049
cell1_01_27,20,7,-13.0,cell,2452.301,0.00350438664190237,2452.301
cell1_01_27,20,7,-13.0,up,1782.939,0.0120780290607458,0.7270473730590169
cell1_01_27,20,7,-13.0,down,2268.147,0.0019654566965608303,0.9249056294476086
cell1_01_27,20,8,-12.0,cell,2441.56,-0.0008909304977638694,2441.56
cell1_01_27,20,8,-12.0,up,1714.461,-0.02679322748477921,0.7021990039155295
cell1_01_27,20,8,-12.0,down,2261.005,-0.0011895580761706827,0.9260493291174495
cell1_01_27,20,9,-11.0,cell,2425.467,-0.00747633583512987,2425.467
cell1_01_27,20,9,-11.0,up,1734.609,-0.015356297713476985,0.7151649558621082
cell1_01_27,20,9,-11.0,down,2260.101,-0.0015889046673985383,0.9318209647873997
cell1_01_27,20,10,-10.0,cell,2444.886,0.00047009964901296975,2444.886
cell1_01_27,20,10,-10.0,up,1758.217,-0.001955313097589251,0.7191406879502766
cell1_01_27,20,10,-10.0,down,2275.766,0.005331188641876208,0.9308270406063923
cell1_01_27,20,11,-9.0,cell,2445.902,0.0008858563023880038,2445.902
cell1_01_27,20,11,-9.0,up,1732.583,-0.01650634832478613,0.7083615778555314
cell1_01_27,20,11,-9.0,down,2265.463,0.0007797860650835449,0.9262280336661077
cell1_01_27,20,12,-8.0,cell,2470.461,0.010935627611675984,2470.461
cell1_01_27,20,12,-8.0,up,1788.122,0.01502013780626196,0.7238009424152011
cell1_01_27,20,12,-8.0,down,2292.853,0.012879457673193017,0.9281073451473228
cell1_01_27,20,13,-7.0,cell,2449.966,0.002548882915887954,2449.966
cell1_01_27,20,13,-7.0,up,1744.913,-0.009507274268792668,0.7122192716143816
cell1_01_27,20,13,-7.0,down,2263.283,-0.00018324000668287695,0.9238017996984448
cell1_01_27,20,14,-6.0,cell,2458.817,0.00617079447004366,2458.817
cell1_01_27,20,14,-6.0,up,1786.878,0.014313986295665292,0.7267226475170783
cell1_01_27,20,14,-6.0,down,2279.687,0.007063310305819082,0.9271478926654566
cell1_01_27,20,15,-5.0,cell,2439.878,-0.0015792205479377543,2439.878
cell1_01_27,20,15,-5.0,up,1699.765,-0.03513535176108739,0.6966598329916496
cell1_01_27,20,15,-5.0,down,2324.855,0.027016503704690664,0.9528570690829623
cell1_01_27,20,16,-4.0,cell,2441.259,-0.0010141024984192306,2441.259
cell1_01_27,20,16,-4.0,up,1654.313,-0.060935993609669434,0.677647476158818
cell1_01_27,20,16,-4.0,down,2328.19,0.028489756892461592,0.953684144123995
cell1_01_27,20,17,-3.0,cell,2448.55,0.001969442540711887,2448.55
cell1_01_27,20,17,-3.0,up,1655.487,-0.060269577312691634,0.6761091258091524
cell1_01_27,20,17,-3.0,down,2344.118,0.03552603178745857,0.9573494517163218
cell1_01_27,20,18,-2.0,cell,2428.549,-0.0062151527586518105,2428.549
cell1_01_27,20,18,-2.0,up,1696.087,-0.03722315341379987,0.6983952145910994
cell1_01_27,20,18,-2.0,down,2301.665,0.016772203427506998,0.9477531645439313
cell1_01_27,20,19,-1.0,cell,2435.828,-0.0032365182311747988,2435.828
cell1_01_27,20,19,-1.0,up,1782.948,0.012083137873925365,0.7319679386229242
cell1_01_27,20,19,-1.0,down,2245.877,-0.007872428908134277,0.9220178928889888
cell1_01_27,20,20,0.0,cell,2411.044,-0.013378361633976092,2411.044
cell1_01_27,20,20,0.0,up,1877.357,0.06567402048157253,0.7786490001841526
cell1_01_27,20,20,0.0,down,2151.747,-0.04945483447481377,0.8924544720046585
cell1_01_27,20,21,1.0,cell,2375.984,-0.027725239849849693,2375.984
cell1_01_27,20,21,1.0,up,1850.652,0.05051503648600838,0.778899184506293
cell1_01_27,20,21,1.0,down,2138.199,-0.055439732282286026,0.8999214641176035
cell1_01_27,20,22,2.0,cell,2383.525,-0.024639392484592834,2383.525
cell1_01_27,20,22,2.0,up,1870.0,0.06149784953023887,0.7845522912493051
cell1_01_27,20,22,2.0,down,2141.062,-0.054174987491704955,0.8982754533726308
cell1_01_27,20,23,3.0,cell,2400.878,-0.01753838342355302,2400.878
cell1_01_27,20,23,3.0,up,1853.078,0.05189214546085345,0.7718334709218877
cell1_01_27,20,23,3.0,down,2163.477,-0.04427304740058503,0.9011190905993556
cell1_01_27,20,24,4.0,cell,2381.267,-0.025563387094160617,2381.267
cell1_01_27,20,24,4.0,up,1873.913,0.06371904797152862,0.7869394738179297
cell1_01_27,20,24,4.0,down,2138.629,-0.05524977759840559,0.8981055043386568
cell1_01_27,20,25,5.0,cell,2367.632,-0.03114295596105832,2367.632
cell1_01_27,20,25,5.0,up,1737.061,-0.013964429945002042,0.7336701818525851
cell1_01_27,20,25,5.0,down,2187.325,-0.033738072281556356,0.9238450063185494
cell1_01_27,20,26,6.0,cell,2395.074,-0.01991343422688821,2395.074
cell1_01_27,20,26,6.0,up,1833.504,0.04078104444122513,0.7655312528965702
cell1_01_27,20,26,6.0,down,2194.483,-0.030575989427563937,0.9162485167472906
cell1_01_27,20,27,7.0,cell,2379.054,-0.02646896728502555,2379.054
cell1_01_27,20,27,7.0,up,1798.452,0.02088392004457602,0.7559525761079824
cell1_01_27,20,27,7.0,down,2201.659,-0.027405954982153452,0.9254346475531872
cell1_01_27,20,28,8.0,cell,2382.268,-0.025153768580353075,2382.268
cell1_01_27,20,28,8.0,up,1811.113,0.028070884896395493,0.7602473777089731
cell1_01_27,20,28,8.0,down,2199.216,-0.028485162639642105,0.9231606183687141
cell1_01_27,20,29,9.0,cell,2377.316,-0.027180173056251804,2377.316
cell1_01_27,20,29,9.0,up,1812.461,0.028836071581511382,0.7623980152407169
cell1_01_27,20,29,9.0,down,2190.736,-0.032231245707797236,0.9215165337716988
cell1_01_27,20,30,10.0,cell,2395.112,-0.019897884273317092,2395.112
cell1_01_27,20,30,10.0,up,1777.957,0.00925001714290643,0.7423272899137912
cell1_01_27,20,30,10.0,down,2194.975,-0.03035864592879845,0.9164393982410842
cell1_01_27,20,31,11.0,cell,2382.789,-0.02494057053270696,2382.789
cell1_01_27,20,31,11.0,up,1793.583,0.01812005211443557,0.7527242235884083
cell1_01_27,20,31,11.0,down,2208.682,-0.02430350906379824,0.9269314236384336
cell1_01_27,20,32,12.0,cell,2404.74,-0.01595801708956276,2404.74
cell1_01_27,20,32,12.0,up,1817.661,0.03178783030747785,0.7558659148182341
cell1_01_27,20,32,12.0,down,2205.104,-0.025884108735715564,0.9169822933040578
cell1_01_27,20,33,13.0,cell,2394.352,-0.02020888334473943,2394.352
cell1_01_27,20,33,13.0,up,1790.835,0.016560161156944045,0.7479414054408041
cell1_01_27,20,33,13.0,down,2202.588,-0.02699556451395576,0.9199098545243141
cell1_01_27,20,34,14.0,cell,2397.162,-0.019059005199086147,2397.162
cell1_01_27,20,34,14.0,up,1812.652,0.028944491950099783,0.75616583276391
cell1_01_27,20,34,14.0,down,2208.735,-0.02428009604462212,0.9213958005341317
cell1_01_27,20,35,15.0,cell,2383.277,-0.024740876392109586,2383.277
cell1_01_27,20,35,15.0,up,1771.13,0.0053746985232578,0.7431490338722692
cell1_01_27,20,35,15.0,down,2192.929,-0.03126247682000655,0.9201318185003254
cell1_01_27,20,36,16.0,cell,2378.502,-0.026694850821111237,2378.502
cell1_01_27,20,36,16.0,up,1785.93,0.013775857974085334,0.7508633585340689
cell1_01_27,20,36,16.0,down,2197.324,-0.029320963248716258,0.9238268456364552
cell1_01_27,20,37,17.0,cell,2387.348,-0.02307498531347809,2387.348
cell1_01_27,20,37,17.0,up,1818.052,0.032009779857834084,0.7615362318354928
cell1_01_27,20,37,17.0,down,2203.18,-0.026734045507311125,0.9228566593559044
cell1_01_27,20,38,18.0,cell,2373.133,-0.028891895576987663,2373.133
cell1_01_27,20,38,18.0,up,1825.4,0.036180841995988304,0.7691941412470351
cell1_01_27,20,38,18.0,down,2186.556,-0.03407778193714721,0.9213794591369301
cell1_01_27,20,39,19.0,cell,2393.674,-0.020486327253192386,2393.674
cell1_01_27,20,39,19.0,up,1817.365,0.03161980711846127,0.7592366379047439
cell1_01_27,20,39,19.0,down,2225.787,-0.01674728844106316,0.9298622118133045
cell1_01_27,20,40,20.0,cell,2387.297,-0.023095854988007713,2387.297
cell1_01_27,20,40,20.0,up,1769.896,0.004674223471749525,0.7413807331052651
cell1_01_27,20,40,20.0,down,2211.559,-0.023032579702113826,0.9263862016330604
cell1_01_27,20,41,21.0,cell,2381.185,-0.02559694225712981,2381.185
cell1_01_27,20,41,21.0,up,1767.391,0.0032522704701061435,0.7422317039625229
cell1_01_27,20,41,21.0,down,2190.313,-0.0324181081061261,0.9198415914765128
cell1_01_27,20,42,22.0,cell,2370.55,-0.029948883210518647,2370.55
cell1_01_27,20,42,22.0,up,1744.739,-0.009606044656930764,0.7360059901710573
cell1_01_27,20,42,22.0,down,2195.153,-0.03028001352477355,0.9260099976798631
cell1_01_27,20,43,23.0,cell,2381.635,-0.025412798070103368,2381.635
cell1_01_27,20,43,23.0,up,1799.974,0.021747877117830005,0.7557724000529047
cell1_01_27,20,43,23.0,down,2215.461,-0.0213088513846681,0.930226923940906
cell1_01_27,20,44,24.0,cell,2388.027,-0.02279713219572055,2388.027
cell1_01_27,20,44,24.0,up,1775.0,0.007571488190467377,0.7432914284469982
cell1_01_27,20,44,24.0,down,2203.422,-0.026627140778243408,0.9226955976628405
cell1_01_27,20,45,25.0,cell,2390.25,-0.021887459911810497,2390.25
cell1_01_27,20,45,25.0,up,1783.417,0.012349363805171083,0.7461215354042464
cell1_01_27,20,45,25.0,down,2211.118,-0.023227393691861158,0.9250572115887459
cell1_01_27,20,46,26.0,cell,2402.96,-0.016686409651577916,2402.96
cell1_01_27,20,46,26.0,up,1825.026,0.035968542426082245,0.7594907946865532
cell1_01_27,20,46,26.0,down,2207.109,-0.024998389802737803,0.9184959383427106
cell1_01_27,20,47,27.0,cell,2381.273,-0.02556093183833347,2381.273
cell1_01_27,20,47,27.0,up,1743.739,-0.010173690565770464,0.7322717722831443
cell1_01_27,20,47,27.0,down,2193.245,-0.031122882215108408,0.9210388729053745
cell1_01_27,20,48,28.0,cell,2393.303,-0.020638143905163022,2393.303
cell1_01_27,20,48,28.0,up,1776.896,0.008647744833627425,0.7424450644151618
cell1_01_27,20,48,28.0,down,2206.148,-0.0254229164334567,0.9218005409260759
cell1_01_27,20,49,29.0,cell,2396.254,-0.01943056724757479,2396.254
cell1_01_27,20,49,29.0,up,1809.287,0.02703436346685419,0.7550480875566614
cell1_01_27,20,49,29.0,down,2214.248,-0.021844700295242533,0.9240456145300123
cell1_01_27,20,50,30.0,cell,2371.916,-0.029389903300567614,2371.916
cell1_01_27,20,50,30.0,up,1765.965,0.002442807404100642,0.7445310036274471
cell1_01_27,20,50,30.0,down,2197.199,-0.029376182633565243,0.9263392970071452
cell1_01_27,20,51,31.0,cell,2387.701,-0.02293053442898852,2387.701
cell1_01_27,20,51,31.0,up,1804.33,0.024220542696735736,0.7556766948625476
cell1_01_27,20,51,31.0,down,2197.844,-0.029091250607744493,0.9204854376657714
cell1_01_27,20,52,32.0,cell,2385.812,-0.023703530805194654,2385.812
cell1_01_27,20,52,32.0,up,1778.035,0.009294293523795913,0.7452536075767915
cell1_01_27,20,52,32.0,down,2203.09,-0.02677380346440226,0.9234130769733744
cell1_01_27,20,53,33.0,cell,2379.749,-0.026184566818396118,2379.749
cell1_01_27,20,53,33.0,up,1719.165,-0.02412302112959729,0.7224144226975199
cell1_01_27,20,53,33.0,down,2214.682,-0.02165297859104697,0.9306368024526956
cell1_01_27,20,54,34.0,cell,2376.892,-0.027353677801361047,2376.892
cell1_01_27,20,54,34.0,up,1762.713,0.0005968229085539643,0.7416041620738343
cell1_01_27,20,54,34.0,down,2206.528,-0.02525504950351594,0.9283248881312235
cell1_01_27,20,55,35.0,cell,2384.224,-0.024353355180745242,2384.224
cell1_01_27,20,55,35.0,up,1793.061,0.017823740950021153,0.752052240057981
cell1_01_27,20,55,35.0,down,2209.082,-0.024126807032281445,0.9265412981330612
cell1_01_27,20,56,36.0,cell,2359.342,-0.034535301095387806,2359.342
cell1_01_27,20,56,36.0,up,1765.4,0.002122087465606309,0.7482594723444079
cell1_01_27,20,56,36.0,down,2186.063,-0.034295567190991576,0.926556217792927
cell1_01_27,20,57,37.0,cell,2389.689,-0.022117026331636716,2389.689
cell1_01_27,20,57,37.0,up,1796.009,0.01949716108928064,0.7515659987554867
cell1_01_27,20,57,37.0,down,2210.562,-0.023473009515669458,0.9250417104485145
cell1_01_27,20,58,38.0,cell,2378.645,-0.026636333890567302,2378.645
cell1_01_27,20,58,38.0,up,1756.661,-0.002838570131743847,0.7385133132518724
cell1_01_27,20,58,38.0,down,2203.562,-0.026565295067212603,0.926393808239565
cell1_01_27,20,59,39.0,cell,2377.049,-0.027289431940554023,2377.049
cell1_01_27,20,59,39.0,up,1760.417,-0.0007064920981420147,0.7405892768722899
cell1_01_27,20,59,39.0,down,2197.932,-0.02905237616081092,0.9246473253180729
cell1_01_27,20,60,40.0,cell,2365.374,-0.0320669505706261,2365.374
cell1_01_27,20,60,40.0,up,1789.183,0.015622410115540837,0.7564059637080648
cell1_01_27,20,60,40.0,down,2185.39,-0.03459286835901861,0.9239088617698512
cell1_01_27,20,61,41.0,cell,2392.458,-0.020983925767467937,2392.458
cell1_01_27,20,61,41.0,up,1778.165,0.009368087491945006,0.7432377078301896
cell1_01_27,20,61,41.0,down,2208.793,-0.024254474250052192,0.9232316721965443
cell1_01_27,20,62,42.0,cell,2377.563,-0.02707909835803945,2377.563
cell1_01_27,20,62,42.0,up,1816.739,0.03126446077952763,0.7641181327266617
cell1_01_27,20,62,42.0,down,2199.265,-0.02846351664078131,0.9250080860107597
cell1_01_27,20,63,43.0,cell,2397.702,-0.01883803217465438,2397.702
cell1_01_27,20,63,43.0,up,1792.687,0.01761144138011509,0.7476688095518124
cell1_01_27,20,63,43.0,down,2202.558,-0.027008817166319605,0.918612071058038
cell1_01_27,20,64,44.0,cell,2376.314,-0.027590200779363746,2376.314
cell1_01_27,20,64,44.0,up,1735.078,-0.015090071782231138,0.7301551899286037
cell1_01_27,20,64,44.0,down,2199.134,-0.028521386556102986,0.9254391465100993
cell1_01_27,20,65,45.0,cell,2372.272,-0.029244224788164658,2372.272
cell1_01_27,20,65,45.0,up,1784.435,0.012927227340369914,0.752205059116324
cell1_01_27,20,65,45.0,down,2196.995,-0.029466300669638866,0.9261142904354981
cell1_01_27,20,66,46.0,cell,2384.449,-0.024261283087232112,2384.449
cell1_01_27,20,66,46.0,up,1795.452,0.01918098231805692,0.7529840227239081
cell1_01_27,20,66,46.0,down,2209.75,-0.023831714639648418,0.9267340169573767
cell1_01_27,20,67,47.0,cell,2381.233,-0.025577300210513576,2381.233
cell1_01_27,20,67,47.0,up,1789.852,0.01600216522855465,0.751649250619322
cell1_01_27,20,67,47.0,down,2203.201,-0.026724768650656417,0.9252353717590844
cell1_01_27,20,68,48.0,cell,2383.428,-0.024679085787129705,2383.428
cell1_01_27,20,68,48.0,up,1706.47,-0.03132928594231724,0.7159729599551571
cell1_01_27,20,68,48.0,down,2218.213,-0.020093141407832672,0.9306817743183349
cell1_01_27,20,69,49.0,cell,2381.321,-0.025541289791717423,2381.321
cell1_01_27,20,69,49.0,up,1755.391,-0.003559480435970256,0.7371500944223816
cell1_01_27,20,69,49.0,down,2194.572,-0.030536673225551484,0.92157756136195
cell1_01_27,20,70,50.0,cell,2375.899,-0.02776002264073246,2375.899
cell1_01_27,20,70,50.0,up,1779.826,0.010310947346527781,0.7491168606072902
cell1_01_27,20,70,50.0,down,2199.992,-0.028142360698499475,0.9259619200984555
cell1_01_27,20,71,51.0,cell,2391.207,-0.02149584660740122,2391.207
cell1_01_27,20,71,51.0,up,1776.696,0.008534215651859458,0.7430122109880073
cell1_01_27,20,71,51.0,down,2223.706,-0.017666580760028916,0.9299512756528399
cell1_01_27,20,72,52.0,cell,2386.129,-0.023573811455667216,2386.129
cell1_01_27,20,72,52.0,up,1771.609,0.005646600913591911,0.7424615349798774
cell1_01_27,20,72,52.0,down,2196.254,-0.02979364118302364,0.9204255092662634
cell1_01_27,20,73,53.0,cell,2376.855,-0.027368818545627577,2376.855
cell1_01_27,20,73,53.0,up,1753.861,-0.004427978676494981,0.7378914574090553
cell1_01_27,20,73,53.0,down,2204.33,-0.026226027166700427,0.9274145877640831
cell1_01_27,20,74,54.0,cell,2385.109,-0.02399120494626022,2385.109
cell1_01_27,20,74,54.0,up,1774.957,0.007547079416387331,0.7441827606201646
cell1_01_27,20,74,54.0,down,2211.648,-0.022993263500101373,0.9272733447402195
cell1_01_27,20,75,55.0,cell,2369.905,-0.030212823211923045,2369.905
cell1_01_27,20,75,55.0,up,1779.583,0.01017300939067977,0.750909002681542
cell1_01_27,20,75,55.0,down,2184.009,-0.035202932122830134,0.9215597249678784
cell1_01_27,20,76,56.0,cell,2387.588,-0.022976775080397284,2387.588
cell1_01_27,20,76,56.0,up,1745.061,-0.009423262674284444,0.7308886625330667
cell1_01_27,20,76,56.0,down,2205.039,-0.02591282281583686,0.9235425039830992
cell1_01_27,20,77,57.0,cell,2378.489,-0.026700170542069742,2378.489
cell1_01_27,20,77,57.0,up,1774.896,0.007512453015948025,0.7462283828094223
cell1_01_27,20,77,57.0,down,2187.095,-0.033839675949678495,0.9195312654378472
cell1_01_27,20,78,58.0,cell,2363.89,-0.032674217178508456,2363.89
cell1_01_27,20,78,58.0,up,1812.617,0.028924624343290347,0.7667941401672667
cell1_01_27,20,78,58.0,down,2184.619,-0.034933461524767034,0.9241627148471376
cell1_01_27,20,79,59.0,cell,2363.89,-0.032674217178508456,2363.89
cell1_01_27,20,79,59.0,up,1746.226,-0.008761955190486085,0.7387086539559794
cell1_01_27,20,79,59.0,down,2180.325,-0.0368303578330995,0.9223462174635876
cell1_01_27,20,80,60.0,cell,2389.697,-0.022113752657200583,2389.697
cell1_01_27,20,80,60.0,up,1746.748,-0.008465644026071799,0.7309495722679485
cell1_01_27,20,80,60.0,down,2212.637,-0.02255636772717619,0.9259069246017383
cell1_01_27,20,81,61.0,cell,2385.93,-0.023655244107263333,2385.93
cell1_01_27,20,81,61.0,up,1780.87,0.010903569675356354,0.7464049657785434
cell1_01_27,20,81,61.0,down,2201.479,-0.02748547089633612,0.9226921996873336
cell1_01_27,20,82,62.0,cell,2374.468,-0.028345601155476203,2374.468
cell1_01_27,20,82,62.0,up,1751.113,-0.005987869633986503,0.7374759314507503
cell1_01_27,20,82,62.0,down,2205.823,-0.02556648683406418,0.9289756694973358
cell1_01_27,20,83,63.0,cell,2369.515,-0.030372414840679332,2369.515
cell1_01_27,20,83,63.0,up,1796.252,0.019635099045128654,0.7580673682167026
cell1_01_27,20,83,63.0,down,2226.016,-0.0166461265280197,0.9394395055528242
cell1_01_27,20,84,64.0,cell,2354.392,-0.036560887152677544,2354.392
cell1_01_27,20,84,64.0,up,1754.87,-0.003855223954475845,0.7453601609247738
cell1_01_27,20,84,64.0,down,2196.961,-0.029481320342317836,0.9331330551581895
cell1_01_27,20,85,65.0,cell,2367.234,-0.03130582126425055,2367.234
cell1_01_27,20,85,65.0,up,1780.974,0.010962604849875705,0.7523438747500247
cell1_01_27,20,85,65.0,down,2202.998,-0.026814444931651155,0.9306211384256902
cell1_01_27,20,86,66.0,cell,2364.124,-0.03257846220125479,2364.124
cell1_01_27,20,86,66.0,up,1804.278,0.024191025109476124,0.7631909324553197
cell1_01_27,20,86,66.0,down,2199.991,-0.028142802453578357,0.930573438618279
cell1_01_27,20,87,67.0,cell,2377.277,-0.027196132219127322,2377.277
cell1_01_27,20,87,67.0,up,1780.435,0.010656643705011116,0.7489388068786262
cell1_01_27,20,87,67.0,down,2210.736,-0.023396144131959683,0.9299446383404205
cell1_01_27,20,88,68.0,cell,2346.215,-0.039906991635598084,2346.215
cell1_01_27,20,88,68.0,up,1751.513,-0.005760811270450701,0.7465270659338551
cell1_01_27,20,88,68.0,down,2192.118,-0.03162074018890683,0.9343210234356185
cell1_01_27,20,89,69.0,cell,2368.311,-0.03086510284330078,2368.311
cell1_01_27,20,89,69.0,up,1769.209,0.004284250732376709,0.7470340677385698
cell1_01_27,20,89,69.0,down,2190.455,-0.03235537888493773,0.9249017548793211
cell1_01_27,20,90,70.0,cell,2367.983,-0.030999323495177734,2367.983
cell1_01_27,20,90,70.0,up,1776.548,0.008450204057351234,0.7502368049094946
cell1_01_27,20,90,70.0,down,2206.289,-0.02536062896734701,0.9317165706003802
cell1_01_27,20,91,71.0,cell,2360.222,-0.03417519690742516,2360.222
cell1_01_27,20,91,71.0,up,1771.252,0.005443951324136154,0.7504599143639877
cell1_01_27,20,91,71.0,down,2192.7,-0.031363638733050016,0.9290227783657637
cell1_01_27,20,92,72.0,cell,2345.99,-0.0399990637291114,2345.99
cell1_01_27,20,92,72.0,up,1754.843,-0.003870550394014412,0.7480181074940644
cell1_01_27,20,92,72.0,down,2175.566,-0.03893267025307005,0.9273551890673021
cell1_01_27,20,93,73.0,cell,2353.885,-0.036768356270060386,2353.885
cell1_01_27,20,93,73.0,up,1790.304,0.016258741179350195,0.7605741147082377
cell1_01_27,20,93,73.0,down,2192.961,-0.031248340657485347,0.9316347230217278
cell1_01_27,20,94,74.0,cell,2358.118,-0.03503617328409949,2358.118
cell1_01_27,20,94,74.0,up,1749.252,-0.0070442586703372435,0.7418000286669284
cell1_01_27,20,94,74.0,down,2207.433,-0.0248552611572092,0.9360994657604073
cell1_01_27,20,95,75.0,cell,2361.73,-0.03355810927623478,2361.73
cell1_01_27,20,95,75.0,up,1796.165,0.019585713851059606,0.7605293577165891
cell1_01_27,20,95,75.0,down,2189.155,-0.03292966048736705,0.9269285650772952
cell1_01_27,20,96,76.0,cell,2347.539,-0.03936519851643614,2347.539
cell1_01_27,20,96,76.0,up,1786.626,0.014170939526637715,0.7610633944739575
cell1_01_27,20,96,76.0,down,2179.082,-0.037379459396037776,0.9282410217679024
cell1_01_27,20,97,77.0,cell,2377.216,-0.027221093986702062,2377.216
cell1_01_27,20,97,77.0,up,1782.817,0.012008776259867316,0.7499600372873143
cell1_01_27,20,97,77.0,down,2220.959,-0.018880081961470337,0.9342689095143226
cell1_01_27,20,98,78.0,cell,2360.755,-0.03395708834812512,2360.755
cell1_01_27,20,98,78.0,up,1762.087,0.00024147656962032553,0.7464082465143566
cell1_01_27,20,98,78.0,down,2199.137,-0.02852006129086654,0.9315396981050554
cell1_01_27,20,99,79.0,cell,2362.25,-0.033345320437893254,2362.25
cell1_01_27,20,99,79.0,up,1810.096,0.02749358900710549,0.7662592866970049
cell1_01_27,20,99,79.0,down,2211.738,-0.02295350554301024,0.9362844745475711
cell1_01_27,20,100,80.0,cell,2359.862,-0.03432251225704628,2359.862
cell1_01_27,20,100,80.0,up,1773.626,0.006791542711721616,0.7515803890227479
cell1_01_27,20,100,80.0,down,2222.276,-0.01829829052270143,0.9416974382400326
cell1_01_27,20,101,81.0,cell,2341.963,-0.04164694959834463,2341.963
cell1_01_27,20,101,81.0,up,1746.922,-0.008366873637933703,0.7459221174715398
cell1_01_27,20,101,81.0,down,2201.731,-0.02737414861648039,0.9401220258390077
cell1_01_27,20,102,82.0,cell,2356.802,-0.0355746927288253,2356.802
cell1_01_27,20,102,82.0,up,1781.217,0.011100542805723847,0.7557771081321214
cell1_01_27,20,102,82.0,down,2195.664,-0.030054276679510713,0.9316285373145474
cell1_01_27,20,103,83.0,cell,2356.474,-0.035708913380702256,2356.474
cell1_01_27,20,103,83.0,up,1763.27,0.0009130016797776864,0.7482662656154916
cell1_01_27,20,103,83.0,down,2203.316,-0.026673966816595444,0.9350054360879856
cell1_01_27,20,104,84.0,cell,2340.86,-0.04209830746121142,2340.86
cell1_01_27,20,104,84.0,up,1787.417,0.014619947440529883,0.7635727894876241
cell1_01_27,20,104,84.0,down,2184.965,-0.03478061426750504,0.933402681065933
cell1_01_27,20,105,85.0,cell,2349.027,-0.038756295071335815,2349.027
cell1_01_27,20,105,85.0,up,1773.974,0.006989083487997806,0.7551952361552251
cell1_01_27,20,105,85.0,down,2198.071,-0.028990972204858797,0.9357367965544883
cell1_01_27,20,106,86.0,cell,2360.21,-0.034180107419079266,2360.21
cell1_01_27,20,106,86.0,up,1796.304,0.019664616632388394,0.761078039665962
cell1_01_27,20,106,86.0,down,2203.166,-0.026740230078414067,0.9334618529707103
cell1_01_27,20,107,87.0,cell,2361.416,-0.03368660099784865,2361.416
cell1_01_27,20,107,87.0,up,1791.243,0.01679176068775059,0.7585461435003404
cell1_01_27,20,107,87.0,down,2201.741,-0.027369731065692574,0.9323816726913005
cell1_01_27,20,108,88.0,cell,2345.064,-0.04037799154508111,2345.064
cell1_01_27,20,108,88.0,up,1773.078,0.006480472753677459,0.7560893860466069
cell1_01_27,20,108,88.0,down,2209.986,-0.02372746044105359,0.9423990134171178
cell1_01_27,20,109,89.0,cell,2356.633,-0.03564384910128643,2356.633
cell1_01_27,20,109,89.0,up,1756.93,-0.0026858733822659646,0.7455255018494608
cell1_01_27,20,109,89.0,down,2196.82,-0.029543607808427325,0.932185877054255
cell1_01_27,20,110,90.0,cell,2358.884,-0.034722718956850196,2358.884
cell1_01_27,20,110,90.0,up,1751.843,-0.005573488120533512,0.7426575448390001
cell1_01_27,20,110,90.0,down,2219.992,-0.019307259122661923,0.9411196141904393
cell1_01_27,20,111,91.0,cell,2344.441,-0.04063292894178647,2344.441
cell1_01_27,20,111,91.0,up,1756.696,-0.00281870252493454,0.749302712245691
cell1_01_27,20,111,91.0,down,2207.864,-0.024664864718249885,0.9417443219940277
cell1_01_27,20,112,92.0,cell,2345.641,-0.04014187777638281,2345.641
cell1_01_27,20,112,92.0,up,1772.4,0.0060956088274842085,0.7556143501925486
cell1_01_27,20,112,92.0,down,2206.076,-0.02545472279912977,0.9405002726333654
cell1_01_27,20,113,93.0,cell,2349.888,-0.038403965860158824,2349.888
cell1_01_27,20,113,93.0,up,1792.2,0.017334997822510242,0.762674646621456
cell1_01_27,20,113,93.0,down,2181.962,-0.03610720476911712,0.9285387218454667
cell1_01_27,20,114,94.0,cell,2347.38,-0.039430262795852156,2347.38
cell1_01_27,20,114,94.0,up,1794.33,0.018544083608338736,0.7643969020780614
cell1_01_27,20,114,94.0,down,2186.893,-0.033928910475594355,0.9316314358987466
cell1_01_27,20,115,95.0,cell,2351.222,-0.037858080647951764,2351.222
cell1_01_27,20,115,95.0,up,1718.687,-0.024394355874022704,0.7309760626601826
cell1_01_27,20,115,95.0,down,2202.673,-0.026958015332258636,0.9368205129077559
cell1_01_27,20,116,96.0,cell,2354.997,-0.03631331552345325,2354.997
cell1_01_27,20,116,96.0,up,1732.93,-0.016309375194418763,0.7358523174339501
cell1_01_27,20,116,96.0,down,2216.052,-0.021047774133101948,0.9409999248406687
cell1_01_27,20,117,97.0,cell,2365.077,-0.032188485734063306,2365.077
cell1_01_27,20,117,97.0,up,1812.896,0.029082997551856622,0.7665272631715584
cell1_01_27,20,117,97.0,down,2207.856,-0.024668398758880137,0.9335239402353497
cell1_01_27,20,118,98.0,cell,2353.096,-0.0370912224113133,2353.096
cell1_01_27,20,118,98.0,up,1775.322,0.007754270173113698,0.7544622063868197
cell1_01_27,20,118,98.0,down,2204.403,-0.02619377904594868,0.9368096329261534
cell1_01_27,20,119,99.0,cell,2358.528,-0.03486839746925334,2358.528
cell1_01_27,20,119,99.0,up,1753.426,-0.004674904646840348,0.7434408241072398
cell1_01_27,20,119,99.0,down,2192.436,-0.03148026207385092,0.9295781097362424
cell1_01_27,20,120,100.0,cell,2333.861,-0.044962363383427704,2333.861
cell1_01_27,20,120,100.0,up,1787.957,0.01492647623130343,0.7660940390194618
cell1_01_27,20,120,100.0,down,2195.979,-0.029915123829691446,0.9409210745627096
